anio,tasa_descuento,edad,sexo,coeficiente,fuente
2020,5.87,39,Hombre,14.2941917370610,Excel hoja Coeficientes [C2] anio 2020
2020,5.87,39,Mujer,15.1876957856663,Excel hoja Coeficientes [C2] anio 2020
2020,5.87,40,Hombre,14.1436352157878,Excel hoja Coeficientes [C2] anio 2020
2020,5.87,40,Mujer,15.0519114245907,Excel hoja Coeficientes [C2] anio 2020
2020,5.87,41,Hombre,13.9868769309744,Excel hoja Coeficientes [C2] anio 2020
2020,5.87,41,Mujer,14.9101834837774,Excel hoja Coeficientes [C2] anio 2020
2020,5.87,42,Hombre,13.8238362993916,Excel hoja Coeficientes [C2] anio 2020
2020,5.87,42,Mujer,14.7623838415632,Excel hoja Coeficientes [C2] anio 2020
2020,5.87,43,Hombre,13.6544025238090,Excel hoja Coeficientes [C2] anio 2020
2020,5.87,43,Mujer,14.6083531489851,Excel hoja Coeficientes [C2] anio 2020
2020,5.87,44,Hombre,13.4784974126529,Excel hoja Coeficientes [C2] anio 2020
2020,5.87,44,Mujer,14.4479602832705,Excel hoja Coeficientes [C2] anio 2020
2020,5.87,45,Hombre,13.2957049106568,Excel hoja Coeficientes [C2] anio 2020
2020,5.87,45,Mujer,14.2810869561773,Excel hoja Coeficientes [C2] anio 2020
2020,5.87,46,Hombre,13.1069524502132,Excel hoja Coeficientes [C2] anio 2020
2020,5.87,46,Mujer,14.1076119303820,Excel hoja Coeficientes [C2] anio 2020
2020,5.87,47,Hombre,12.9112625322957,Excel hoja Coeficientes [C2] anio 2020
2020,5.87,47,Mujer,13.9274546172456,Excel hoja Coeficientes [C2] anio 2020
2020,5.87,48,Hombre,12.7089514366376,Excel hoja Coeficientes [C2] anio 2020
2020,5.87,48,Mujer,13.7405158204479,Excel hoja Coeficientes [C2] anio 2020
2020,5.87,49,Hombre,12.5000237079935,Excel hoja Coeficientes [C2] anio 2020
2020,5.87,49,Mujer,13.5467346303770,Excel hoja Coeficientes [C2] anio 2020
2020,5.87,50,Hombre,12.2845313366335,Excel hoja Coeficientes [C2] anio 2020
2020,5.87,50,Mujer,13.3460736680623,Excel hoja Coeficientes [C2] anio 2020
2020,5.87,51,Hombre,12.0625292745148,Excel hoja Coeficientes [C2] anio 2020
2020,5.87,51,Mujer,13.1385184767120,Excel hoja Coeficientes [C2] anio 2020
2020,5.87,52,Hombre,11.8341516315773,Excel hoja Coeficientes [C2] anio 2020
2020,5.87,52,Mujer,12.9240485465875,Excel hoja Coeficientes [C2] anio 2020
2020,5.87,53,Hombre,11.5995098050457,Excel hoja Coeficientes [C2] anio 2020
2020,5.87,53,Mujer,12.7027202986342,Excel hoja Coeficientes [C2] anio 2020
2020,5.87,54,Hombre,11.3587671966207,Excel hoja Coeficientes [C2] anio 2020
2020,5.87,54,Mujer,12.4745847662361,Excel hoja Coeficientes [C2] anio 2020
2020,5.87,55,Hombre,11.1121578500056,Excel hoja Coeficientes [C2] anio 2020
2020,5.87,55,Mujer,12.2397142388156,Excel hoja Coeficientes [C2] anio 2020
2020,5.87,56,Hombre,10.8598894195506,Excel hoja Coeficientes [C2] anio 2020
2020,5.87,56,Mujer,11.9982565941070,Excel hoja Coeficientes [C2] anio 2020
2020,5.87,57,Hombre,10.6022472897857,Excel hoja Coeficientes [C2] anio 2020
2020,5.87,57,Mujer,11.7503568933280,Excel hoja Coeficientes [C2] anio 2020
2020,5.87,58,Hombre,10.3395599259003,Excel hoja Coeficientes [C2] anio 2020
2020,5.87,58,Mujer,11.4962241820006,Excel hoja Coeficientes [C2] anio 2020
2020,5.87,59,Hombre,10.0721790367454,Excel hoja Coeficientes [C2] anio 2020
2020,5.87,59,Mujer,11.2360561155252,Excel hoja Coeficientes [C2] anio 2020
2020,5.87,60,Hombre,9.8004749336960,Excel hoja Coeficientes [C2] anio 2020
2020,5.87,60,Mujer,10.9701572160827,Excel hoja Coeficientes [C2] anio 2020
2020,5.87,61,Hombre,9.5248902827820,Excel hoja Coeficientes [C2] anio 2020
2020,5.87,61,Mujer,10.6988307469461,Excel hoja Coeficientes [C2] anio 2020
2020,5.87,62,Hombre,9.2459018939457,Excel hoja Coeficientes [C2] anio 2020
2020,5.87,62,Mujer,10.4224216210453,Excel hoja Coeficientes [C2] anio 2020
2020,5.87,63,Hombre,8.9639974125305,Excel hoja Coeficientes [C2] anio 2020
2020,5.87,63,Mujer,10.1413246132951,Excel hoja Coeficientes [C2] anio 2020
2020,5.87,64,Hombre,8.6797091573543,Excel hoja Coeficientes [C2] anio 2020
2020,5.87,64,Mujer,9.8559705655543,Excel hoja Coeficientes [C2] anio 2020
2020,5.87,65,Hombre,8.3936131367500,Excel hoja Coeficientes [C2] anio 2020
2020,5.87,65,Mujer,9.5668517732276,Excel hoja Coeficientes [C2] anio 2020
2020,5.87,66,Hombre,8.1063048674251,Excel hoja Coeficientes [C2] anio 2020
2020,5.87,66,Mujer,9.2744670388706,Excel hoja Coeficientes [C2] anio 2020
2020,5.87,67,Hombre,7.8184047309984,Excel hoja Coeficientes [C2] anio 2020
2020,5.87,67,Mujer,8.9793640405735,Excel hoja Coeficientes [C2] anio 2020
2020,5.87,68,Hombre,7.5305402400024,Excel hoja Coeficientes [C2] anio 2020
2020,5.87,68,Mujer,8.6821405361997,Excel hoja Coeficientes [C2] anio 2020
2020,5.87,69,Hombre,7.2433857129041,Excel hoja Coeficientes [C2] anio 2020
2020,5.87,69,Mujer,8.3834153199318,Excel hoja Coeficientes [C2] anio 2020
2020,5.87,70,Hombre,6.9575987406759,Excel hoja Coeficientes [C2] anio 2020
2020,5.87,70,Mujer,8.0838377813942,Excel hoja Coeficientes [C2] anio 2020
2020,5.87,71,Hombre,6.6738612283651,Excel hoja Coeficientes [C2] anio 2020
2020,5.87,71,Mujer,7.7840682525213,Excel hoja Coeficientes [C2] anio 2020
2020,5.87,72,Hombre,6.3928264450906,Excel hoja Coeficientes [C2] anio 2020
2020,5.87,72,Mujer,7.4848208809210,Excel hoja Coeficientes [C2] anio 2020
2020,5.87,73,Hombre,6.1151991655178,Excel hoja Coeficientes [C2] anio 2020
2020,5.87,73,Mujer,7.1867749973525,Excel hoja Coeficientes [C2] anio 2020
2020,5.87,74,Hombre,5.8416013905870,Excel hoja Coeficientes [C2] anio 2020
2020,5.87,74,Mujer,6.8906686823306,Excel hoja Coeficientes [C2] anio 2020
2020,5.87,75,Hombre,5.5726823003491,Excel hoja Coeficientes [C2] anio 2020
2020,5.87,75,Mujer,6.5972182244524,Excel hoja Coeficientes [C2] anio 2020
2020,5.87,76,Hombre,5.3090684380696,Excel hoja Coeficientes [C2] anio 2020
2020,5.87,76,Mujer,6.3071324001435,Excel hoja Coeficientes [C2] anio 2020
2020,5.87,77,Hombre,5.0513525775592,Excel hoja Coeficientes [C2] anio 2020
2020,5.87,77,Mujer,6.0211262389704,Excel hoja Coeficientes [C2] anio 2020
2020,5.87,78,Hombre,4.8000570862541,Excel hoja Coeficientes [C2] anio 2020
2020,5.87,78,Mujer,5.7398921881501,Excel hoja Coeficientes [C2] anio 2020
2020,5.87,79,Hombre,4.5557271010784,Excel hoja Coeficientes [C2] anio 2020
2020,5.87,79,Mujer,5.4640869120843,Excel hoja Coeficientes [C2] anio 2020
2020,5.87,80,Hombre,4.3187938214246,Excel hoja Coeficientes [C2] anio 2020
2020,5.87,80,Mujer,5.1943445388320,Excel hoja Coeficientes [C2] anio 2020
2020,5.87,81,Hombre,4.0897156251888,Excel hoja Coeficientes [C2] anio 2020
2020,5.87,81,Mujer,4.9312620369600,Excel hoja Coeficientes [C2] anio 2020
2020,5.87,82,Hombre,3.8688124495648,Excel hoja Coeficientes [C2] anio 2020
2020,5.87,82,Mujer,4.6754097294532,Excel hoja Coeficientes [C2] anio 2020
2020,5.87,83,Hombre,3.6564350267166,Excel hoja Coeficientes [C2] anio 2020
2020,5.87,83,Mujer,4.4272726899031,Excel hoja Coeficientes [C2] anio 2020
2020,5.87,84,Hombre,3.4528303576191,Excel hoja Coeficientes [C2] anio 2020
2020,5.87,84,Mujer,4.1872973783096,Excel hoja Coeficientes [C2] anio 2020
2020,5.87,85,Hombre,3.2581895890861,Excel hoja Coeficientes [C2] anio 2020
2020,5.87,85,Mujer,3.9558992691547,Excel hoja Coeficientes [C2] anio 2020
2020,5.87,86,Hombre,3.0726525501427,Excel hoja Coeficientes [C2] anio 2020
2020,5.87,86,Mujer,3.7333497777284,Excel hoja Coeficientes [C2] anio 2020
2020,5.87,87,Hombre,2.8962703084588,Excel hoja Coeficientes [C2] anio 2020
2020,5.87,87,Mujer,3.5199076948093,Excel hoja Coeficientes [C2] anio 2020
2020,5.87,88,Hombre,2.7291327763583,Excel hoja Coeficientes [C2] anio 2020
2020,5.87,88,Mujer,3.3157435482063,Excel hoja Coeficientes [C2] anio 2020
2020,5.87,89,Hombre,2.5711441618163,Excel hoja Coeficientes [C2] anio 2020
2020,5.87,89,Mujer,3.1208544945231,Excel hoja Coeficientes [C2] anio 2020
2020,5.87,90,Hombre,2.4221602134170,Excel hoja Coeficientes [C2] anio 2020
2020,5.87,90,Mujer,2.9351608093765,Excel hoja Coeficientes [C2] anio 2020
2020,5.87,91,Hombre,2.2821768551575,Excel hoja Coeficientes [C2] anio 2020
2020,5.87,91,Mujer,2.7583069261771,Excel hoja Coeficientes [C2] anio 2020
2020,5.87,92,Hombre,2.1506924880418,Excel hoja Coeficientes [C2] anio 2020
2020,5.87,92,Mujer,2.5897299861384,Excel hoja Coeficientes [C2] anio 2020
2020,5.87,93,Hombre,2.0269844633933,Excel hoja Coeficientes [C2] anio 2020
2020,5.87,93,Mujer,2.4281293296766,Excel hoja Coeficientes [C2] anio 2020
2020,5.87,94,Hombre,1.9101555164316,Excel hoja Coeficientes [C2] anio 2020
2020,5.87,94,Mujer,2.2711326126738,Excel hoja Coeficientes [C2] anio 2020
2020,5.87,95,Hombre,1.7983213363062,Excel hoja Coeficientes [C2] anio 2020
2020,5.87,95,Mujer,2.1142446485321,Excel hoja Coeficientes [C2] anio 2020
2020,5.87,96,Hombre,1.6849039962104,Excel hoja Coeficientes [C2] anio 2020
2020,5.87,96,Mujer,1.9478137327480,Excel hoja Coeficientes [C2] anio 2020
2020,5.87,97,Hombre,1.5584783535685,Excel hoja Coeficientes [C2] anio 2020
2020,5.87,97,Mujer,1.7511706062937,Excel hoja Coeficientes [C2] anio 2020
2020,5.87,98,Hombre,1.3732514313050,Excel hoja Coeficientes [C2] anio 2020
2020,5.87,98,Mujer,1.4755764105371,Excel hoja Coeficientes [C2] anio 2020
2020,5.87,99,Hombre,1.0000000000000,Excel hoja Coeficientes [C2] anio 2020
2020,5.87,99,Mujer,1.0000000000000,Excel hoja Coeficientes [C2] anio 2020
2022,5.60,39,Hombre,14.7071452696247,PDF TABLA-DE-COEFICIENTE-ANO-2022 / Excel hoja Coeficientes
2022,5.60,39,Mujer,15.660162993705,PDF TABLA-DE-COEFICIENTE-ANO-2022 / Excel hoja Coeficientes
2022,5.60,40,Hombre,14.545783834462,PDF TABLA-DE-COEFICIENTE-ANO-2022 / Excel hoja Coeficientes
2022,5.60,40,Mujer,15.5134928645539,PDF TABLA-DE-COEFICIENTE-ANO-2022 / Excel hoja Coeficientes
2022,5.60,41,Hombre,14.3780636606672,PDF TABLA-DE-COEFICIENTE-ANO-2022 / Excel hoja Coeficientes
2022,5.60,41,Mujer,15.3606832299706,PDF TABLA-DE-COEFICIENTE-ANO-2022 / Excel hoja Coeficientes
2022,5.60,42,Hombre,14.2039168300576,PDF TABLA-DE-COEFICIENTE-ANO-2022 / Excel hoja Coeficientes
2022,5.60,42,Mujer,15.2016154601212,PDF TABLA-DE-COEFICIENTE-ANO-2022 / Excel hoja Coeficientes
2022,5.60,43,Hombre,14.023244985281,PDF TABLA-DE-COEFICIENTE-ANO-2022 / Excel hoja Coeficientes
2022,5.60,43,Mujer,15.0361395189299,PDF TABLA-DE-COEFICIENTE-ANO-2022 / Excel hoja Coeficientes
2022,5.60,44,Hombre,13.8359839714562,PDF TABLA-DE-COEFICIENTE-ANO-2022 / Excel hoja Coeficientes
2022,5.60,44,Mujer,14.8641352926554,PDF TABLA-DE-COEFICIENTE-ANO-2022 / Excel hoja Coeficientes
2022,5.60,45,Hombre,13.6417235909293,PDF TABLA-DE-COEFICIENTE-ANO-2022 / Excel hoja Coeficientes
2022,5.60,45,Mujer,14.6854966527256,PDF TABLA-DE-COEFICIENTE-ANO-2022 / Excel hoja Coeficientes
2022,5.60,46,Hombre,13.4414334922322,PDF TABLA-DE-COEFICIENTE-ANO-2022 / Excel hoja Coeficientes
2022,5.60,46,Mujer,14.5001151914958,PDF TABLA-DE-COEFICIENTE-ANO-2022 / Excel hoja Coeficientes
2022,5.60,47,Hombre,13.2341271426373,PDF TABLA-DE-COEFICIENTE-ANO-2022 / Excel hoja Coeficientes
2022,5.60,47,Mujer,14.307925043392,PDF TABLA-DE-COEFICIENTE-ANO-2022 / Excel hoja Coeficientes
2022,5.60,48,Hombre,13.0201479127562,PDF TABLA-DE-COEFICIENTE-ANO-2022 / Excel hoja Coeficientes
2022,5.60,48,Mujer,14.1088418652809,PDF TABLA-DE-COEFICIENTE-ANO-2022 / Excel hoja Coeficientes
2022,5.60,49,Hombre,12.7995189874534,PDF TABLA-DE-COEFICIENTE-ANO-2022 / Excel hoja Coeficientes
2022,5.60,49,Mujer,13.9028213311575,PDF TABLA-DE-COEFICIENTE-ANO-2022 / Excel hoja Coeficientes
2022,5.60,50,Hombre,12.5723124422797,PDF TABLA-DE-COEFICIENTE-ANO-2022 / Excel hoja Coeficientes
2022,5.60,50,Mujer,13.6898438299088,PDF TABLA-DE-COEFICIENTE-ANO-2022 / Excel hoja Coeficientes
2022,5.60,51,Hombre,12.3386035237146,PDF TABLA-DE-COEFICIENTE-ANO-2022 / Excel hoja Coeficientes
2022,5.60,51,Mujer,13.4699137421237,PDF TABLA-DE-COEFICIENTE-ANO-2022 / Excel hoja Coeficientes
2022,5.60,52,Hombre,12.098548543789,PDF TABLA-DE-COEFICIENTE-ANO-2022 / Excel hoja Coeficientes
2022,5.60,52,Mujer,13.2430296512034,PDF TABLA-DE-COEFICIENTE-ANO-2022 / Excel hoja Coeficientes
2022,5.60,53,Hombre,11.8522804115534,PDF TABLA-DE-COEFICIENTE-ANO-2022 / Excel hoja Coeficientes
2022,5.60,53,Mujer,13.009269372419,PDF TABLA-DE-COEFICIENTE-ANO-2022 / Excel hoja Coeficientes
2022,5.60,54,Hombre,11.5999850548637,PDF TABLA-DE-COEFICIENTE-ANO-2022 / Excel hoja Coeficientes
2022,5.60,54,Mujer,12.7687053287961,PDF TABLA-DE-COEFICIENTE-ANO-2022 / Excel hoja Coeficientes
2022,5.60,55,Hombre,11.3419201974385,PDF TABLA-DE-COEFICIENTE-ANO-2022 / Excel hoja Coeficientes
2022,5.60,55,Mujer,12.5214318425297,PDF TABLA-DE-COEFICIENTE-ANO-2022 / Excel hoja Coeficientes
2022,5.60,56,Hombre,11.0783160325543,PDF TABLA-DE-COEFICIENTE-ANO-2022 / Excel hoja Coeficientes
2022,5.60,56,Mujer,12.2676205928751,PDF TABLA-DE-COEFICIENTE-ANO-2022 / Excel hoja Coeficientes
2022,5.60,57,Hombre,10.8094815141595,PDF TABLA-DE-COEFICIENTE-ANO-2022 / Excel hoja Coeficientes
2022,5.60,57,Mujer,12.0074401288345,PDF TABLA-DE-COEFICIENTE-ANO-2022 / Excel hoja Coeficientes
2022,5.60,58,Hombre,10.5357686732994,PDF TABLA-DE-COEFICIENTE-ANO-2022 / Excel hoja Coeficientes
2022,5.60,58,Mujer,11.74112411279,PDF TABLA-DE-COEFICIENTE-ANO-2022 / Excel hoja Coeficientes
2022,5.60,59,Hombre,10.2575522071424,PDF TABLA-DE-COEFICIENTE-ANO-2022 / Excel hoja Coeficientes
2022,5.60,59,Mujer,11.4688940710584,PDF TABLA-DE-COEFICIENTE-ANO-2022 / Excel hoja Coeficientes
2022,5.60,60,Hombre,9.9752246456761,PDF TABLA-DE-COEFICIENTE-ANO-2022 / Excel hoja Coeficientes
2022,5.60,60,Mujer,11.1910800966105,PDF TABLA-DE-COEFICIENTE-ANO-2022 / Excel hoja Coeficientes
2022,5.60,61,Hombre,9.689250948799,PDF TABLA-DE-COEFICIENTE-ANO-2022 / Excel hoja Coeficientes
2022,5.60,61,Mujer,10.9080100794219,PDF TABLA-DE-COEFICIENTE-ANO-2022 / Excel hoja Coeficientes
2022,5.60,62,Hombre,9.4001293083844,PDF TABLA-DE-COEFICIENTE-ANO-2022 / Excel hoja Coeficientes
2022,5.60,62,Mujer,10.6200534390777,PDF TABLA-DE-COEFICIENTE-ANO-2022 / Excel hoja Coeficientes
2022,5.60,63,Hombre,9.108367303776,PDF TABLA-DE-COEFICIENTE-ANO-2022 / Excel hoja Coeficientes
2022,5.60,63,Mujer,10.3276292860881,PDF TABLA-DE-COEFICIENTE-ANO-2022 / Excel hoja Coeficientes
2022,5.60,64,Hombre,8.8145162251065,PDF TABLA-DE-COEFICIENTE-ANO-2022 / Excel hoja Coeficientes
2022,5.60,64,Mujer,10.0311921384238,PDF TABLA-DE-COEFICIENTE-ANO-2022 / Excel hoja Coeficientes
2022,5.60,65,Hombre,8.5191698697899,PDF TABLA-DE-COEFICIENTE-ANO-2022 / Excel hoja Coeficientes
2022,5.60,65,Mujer,9.7312575717992,PDF TABLA-DE-COEFICIENTE-ANO-2022 / Excel hoja Coeficientes
2022,5.60,66,Hombre,8.2229398146747,PDF TABLA-DE-COEFICIENTE-ANO-2022 / Excel hoja Coeficientes
2022,5.60,66,Mujer,9.4283460613669,PDF TABLA-DE-COEFICIENTE-ANO-2022 / Excel hoja Coeficientes
2022,5.60,67,Hombre,7.9264607706664,PDF TABLA-DE-COEFICIENTE-ANO-2022 / Excel hoja Coeficientes
2022,5.60,67,Mujer,9.1230260081174,PDF TABLA-DE-COEFICIENTE-ANO-2022 / Excel hoja Coeficientes
2022,5.60,68,Hombre,7.6303725151281,PDF TABLA-DE-COEFICIENTE-ANO-2022 / Excel hoja Coeficientes
2022,5.60,68,Mujer,8.815914732572,PDF TABLA-DE-COEFICIENTE-ANO-2022 / Excel hoja Coeficientes
2022,5.60,69,Hombre,7.3353600645822,PDF TABLA-DE-COEFICIENTE-ANO-2022 / Excel hoja Coeficientes
2022,5.60,69,Mujer,8.5076487670893,PDF TABLA-DE-COEFICIENTE-ANO-2022 / Excel hoja Coeficientes
2022,5.60,70,Hombre,7.0420891702262,PDF TABLA-DE-COEFICIENTE-ANO-2022 / Excel hoja Coeficientes
2022,5.60,70,Mujer,8.198893466582,PDF TABLA-DE-COEFICIENTE-ANO-2022 / Excel hoja Coeficientes
2022,5.60,71,Hombre,6.7512479506573,PDF TABLA-DE-COEFICIENTE-ANO-2022 / Excel hoja Coeficientes
2022,5.60,71,Mujer,7.8903229590226,PDF TABLA-DE-COEFICIENTE-ANO-2022 / Excel hoja Coeficientes
2022,5.60,72,Hombre,6.4634932745696,PDF TABLA-DE-COEFICIENTE-ANO-2022 / Excel hoja Coeficientes
2022,5.60,72,Mujer,7.5826635546594,PDF TABLA-DE-COEFICIENTE-ANO-2022 / Excel hoja Coeficientes
2022,5.60,73,Hombre,6.1795319246366,PDF TABLA-DE-COEFICIENTE-ANO-2022 / Excel hoja Coeficientes
2022,5.60,73,Mujer,7.2766037691052,PDF TABLA-DE-COEFICIENTE-ANO-2022 / Excel hoja Coeficientes
2022,5.60,74,Hombre,5.8999847658477,PDF TABLA-DE-COEFICIENTE-ANO-2022 / Excel hoja Coeficientes
2022,5.60,74,Mujer,6.9728892162472,PDF TABLA-DE-COEFICIENTE-ANO-2022 / Excel hoja Coeficientes
2022,5.60,75,Hombre,5.6254981783944,PDF TABLA-DE-COEFICIENTE-ANO-2022 / Excel hoja Coeficientes
2022,5.60,75,Mujer,6.6722408997655,PDF TABLA-DE-COEFICIENTE-ANO-2022 / Excel hoja Coeficientes
2022,5.60,76,Hombre,5.3566937091855,PDF TABLA-DE-COEFICIENTE-ANO-2022 / Excel hoja Coeficientes
2022,5.60,76,Mujer,6.375369794471,PDF TABLA-DE-COEFICIENTE-ANO-2022 / Excel hoja Coeficientes
2022,5.60,77,Hombre,5.0941569889908,PDF TABLA-DE-COEFICIENTE-ANO-2022 / Excel hoja Coeficientes
2022,5.60,77,Mujer,6.0829908339111,PDF TABLA-DE-COEFICIENTE-ANO-2022 / Excel hoja Coeficientes
2022,5.60,78,Hombre,4.8384009950357,PDF TABLA-DE-COEFICIENTE-ANO-2022 / Excel hoja Coeficientes
2022,5.60,78,Mujer,5.7957938069556,PDF TABLA-DE-COEFICIENTE-ANO-2022 / Excel hoja Coeficientes
2022,5.60,79,Hombre,4.5899602914162,PDF TABLA-DE-COEFICIENTE-ANO-2022 / Excel hoja Coeficientes
2022,5.60,79,Mujer,5.5144301857867,PDF TABLA-DE-COEFICIENTE-ANO-2022 / Excel hoja Coeficientes
2022,5.60,80,Hombre,4.349253278532,PDF TABLA-DE-COEFICIENTE-ANO-2022 / Excel hoja Coeficientes
2022,5.60,80,Mujer,5.2395266994867,PDF TABLA-DE-COEFICIENTE-ANO-2022 / Excel hoja Coeficientes
2022,5.60,81,Hombre,4.1167247853453,PDF TABLA-DE-COEFICIENTE-ANO-2022 / Excel hoja Coeficientes
2022,5.60,81,Mujer,4.9716707344733,PDF TABLA-DE-COEFICIENTE-ANO-2022 / Excel hoja Coeficientes
2022,5.60,82,Hombre,3.8926793150047,PDF TABLA-DE-COEFICIENTE-ANO-2022 / Excel hoja Coeficientes
2022,5.60,82,Mujer,4.7114211328687,PDF TABLA-DE-COEFICIENTE-ANO-2022 / Excel hoja Coeficientes
2022,5.60,83,Hombre,3.6774518820252,PDF TABLA-DE-COEFICIENTE-ANO-2022 / Excel hoja Coeficientes
2022,5.60,83,Mujer,4.4592493034937,PDF TABLA-DE-COEFICIENTE-ANO-2022 / Excel hoja Coeficientes
2022,5.60,84,Hombre,3.4712726224169,PDF TABLA-DE-COEFICIENTE-ANO-2022 / Excel hoja Coeficientes
2022,5.60,84,Mujer,4.2155865692026,PDF TABLA-DE-COEFICIENTE-ANO-2022 / Excel hoja Coeficientes
2022,5.60,85,Hombre,3.2743153349072,PDF TABLA-DE-COEFICIENTE-ANO-2022 / Excel hoja Coeficientes
2022,5.60,85,Mujer,3.9808320027907,PDF TABLA-DE-COEFICIENTE-ANO-2022 / Excel hoja Coeficientes
2022,5.60,86,Hombre,3.0867022445848,PDF TABLA-DE-COEFICIENTE-ANO-2022 / Excel hoja Coeficientes
2022,5.60,86,Mujer,3.7552387708613,PDF TABLA-DE-COEFICIENTE-ANO-2022 / Excel hoja Coeficientes
2022,5.60,87,Hombre,2.9084665627636,PDF TABLA-DE-COEFICIENTE-ANO-2022 / Excel hoja Coeficientes
2022,5.60,87,Mujer,3.5390468388572,PDF TABLA-DE-COEFICIENTE-ANO-2022 / Excel hoja Coeficientes
2022,5.60,88,Hombre,2.7396808917987,PDF TABLA-DE-COEFICIENTE-ANO-2022 / Excel hoja Coeficientes
2022,5.60,88,Mujer,3.3324068477164,PDF TABLA-DE-COEFICIENTE-ANO-2022 / Excel hoja Coeficientes
2022,5.60,89,Hombre,2.5802315612019,PDF TABLA-DE-COEFICIENTE-ANO-2022 / Excel hoja Coeficientes
2022,5.60,89,Mujer,3.1352947188328,PDF TABLA-DE-COEFICIENTE-ANO-2022 / Excel hoja Coeficientes
2022,5.60,90,Hombre,2.4299568783935,PDF TABLA-DE-COEFICIENTE-ANO-2022 / Excel hoja Coeficientes
2022,5.60,90,Mujer,2.9476088866279,PDF TABLA-DE-COEFICIENTE-ANO-2022 / Excel hoja Coeficientes
2022,5.60,91,Hombre,2.2888362247098,PDF TABLA-DE-COEFICIENTE-ANO-2022 / Excel hoja Coeficientes
2022,5.60,91,Mujer,2.7689702035416,PDF TABLA-DE-COEFICIENTE-ANO-2022 / Excel hoja Coeficientes
2022,5.60,92,Hombre,2.1563493604322,PDF TABLA-DE-COEFICIENTE-ANO-2022 / Excel hoja Coeficientes
2022,5.60,92,Mujer,2.5987908048957,PDF TABLA-DE-COEFICIENTE-ANO-2022 / Excel hoja Coeficientes
2022,5.60,93,Hombre,2.0317544123869,PDF TABLA-DE-COEFICIENTE-ANO-2022 / Excel hoja Coeficientes
2022,5.60,93,Mujer,2.435740939305,PDF TABLA-DE-COEFICIENTE-ANO-2022 / Excel hoja Coeficientes
2022,5.60,94,Hombre,1.914133365288,PDF TABLA-DE-COEFICIENTE-ANO-2022 / Excel hoja Coeficientes
2022,5.60,94,Mujer,2.27741430678,PDF TABLA-DE-COEFICIENTE-ANO-2022 / Excel hoja Coeficientes
2022,5.60,95,Hombre,1.8015746289406,PDF TABLA-DE-COEFICIENTE-ANO-2022 / Excel hoja Coeficientes
2022,5.60,95,Mujer,2.1192742420529,PDF TABLA-DE-COEFICIENTE-ANO-2022 / Excel hoja Coeficientes
2022,5.60,96,Hombre,1.6874557435719,PDF TABLA-DE-COEFICIENTE-ANO-2022 / Excel hoja Coeficientes
2022,5.60,96,Mujer,1.9516160498006,PDF TABLA-DE-COEFICIENTE-ANO-2022 / Excel hoja Coeficientes
2022,5.60,97,Hombre,1.5602953859938,PDF TABLA-DE-COEFICIENTE-ANO-2022 / Excel hoja Coeficientes
2022,5.60,97,Mujer,1.7537118047494,PDF TABLA-DE-COEFICIENTE-ANO-2022 / Excel hoja Coeficientes
2022,5.60,98,Hombre,1.3742057673509,PDF TABLA-DE-COEFICIENTE-ANO-2022 / Excel hoja Coeficientes
2022,5.60,98,Mujer,1.4767923729504,PDF TABLA-DE-COEFICIENTE-ANO-2022 / Excel hoja Coeficientes
2022,5.60,99,Hombre,1.0,PDF TABLA-DE-COEFICIENTE-ANO-2022 / Excel hoja Coeficientes
2022,5.60,99,Mujer,1.0,PDF TABLA-DE-COEFICIENTE-ANO-2022 / Excel hoja Coeficientes
2023,5.86,39,Hombre,14.30910767713,PDF TABLA-DE-COEFICIENTE-ANO-2023 / Excel hoja Coeficientes
2023,5.86,39,Mujer,15.204731040565,PDF TABLA-DE-COEFICIENTE-ANO-2023 / Excel hoja Coeficientes
2023,5.86,40,Hombre,14.1581667797541,PDF TABLA-DE-COEFICIENTE-ANO-2023 / Excel hoja Coeficientes
2023,5.86,40,Mujer,15.0685609062341,PDF TABLA-DE-COEFICIENTE-ANO-2023 / Excel hoja Coeficientes
2023,5.86,41,Hombre,14.0010181828717,PDF TABLA-DE-COEFICIENTE-ANO-2023 / Excel hoja Coeficientes
2023,5.86,41,Mujer,14.926439876622,PDF TABLA-DE-COEFICIENTE-ANO-2023 / Excel hoja Coeficientes
2023,5.86,42,Hombre,13.8375817474611,PDF TABLA-DE-COEFICIENTE-ANO-2023 / Excel hoja Coeficientes
2023,5.86,42,Mujer,14.7782401566995,PDF TABLA-DE-COEFICIENTE-ANO-2023 / Excel hoja Coeficientes
2023,5.86,43,Hombre,13.6677471131269,PDF TABLA-DE-COEFICIENTE-ANO-2023 / Excel hoja Coeficientes
2023,5.86,43,Mujer,14.6238027181536,PDF TABLA-DE-COEFICIENTE-ANO-2023 / Excel hoja Coeficientes
2023,5.86,44,Hombre,13.4914365837305,PDF TABLA-DE-COEFICIENTE-ANO-2023 / Excel hoja Coeficientes
2023,5.86,44,Mujer,14.462996820651,PDF TABLA-DE-COEFICIENTE-ANO-2023 / Excel hoja Coeficientes
2023,5.86,45,Hombre,13.3082343042128,PDF TABLA-DE-COEFICIENTE-ANO-2023 / Excel hoja Coeficientes
2023,5.86,45,Mujer,14.2957046006273,PDF TABLA-DE-COEFICIENTE-ANO-2023 / Excel hoja Coeficientes
2023,5.86,46,Hombre,13.1190692248158,PDF TABLA-DE-COEFICIENTE-ANO-2023 / Excel hoja Coeficientes
2023,5.86,46,Mujer,14.1218052704225,PDF TABLA-DE-COEFICIENTE-ANO-2023 / Excel hoja Coeficientes
2023,5.86,47,Hombre,12.9229635096774,PDF TABLA-DE-COEFICIENTE-ANO-2023 / Excel hoja Coeficientes
2023,5.86,47,Mujer,13.941218760399,PDF TABLA-DE-COEFICIENTE-ANO-2023 / Excel hoja Coeficientes
2023,5.86,48,Hombre,12.7202344111293,PDF TABLA-DE-COEFICIENTE-ANO-2023 / Excel hoja Coeficientes
2023,5.86,48,Mujer,13.7538463989466,PDF TABLA-DE-COEFICIENTE-ANO-2023 / Excel hoja Coeficientes
2023,5.86,49,Hombre,12.5108871419061,PDF TABLA-DE-COEFICIENTE-ANO-2023 / Excel hoja Coeficientes
2023,5.86,49,Mujer,13.559627864871,PDF TABLA-DE-COEFICIENTE-ANO-2023 / Excel hoja Coeficientes
2023,5.86,50,Hombre,12.2949744141265,PDF TABLA-DE-COEFICIENTE-ANO-2023 / Excel hoja Coeficientes
2023,5.86,50,Mujer,13.3585264117218,PDF TABLA-DE-COEFICIENTE-ANO-2023 / Excel hoja Coeficientes
2023,5.86,51,Hombre,12.072551910745,PDF TABLA-DE-COEFICIENTE-ANO-2023 / Excel hoja Coeficientes
2023,5.86,51,Mujer,13.1505282553084,PDF TABLA-DE-COEFICIENTE-ANO-2023 / Excel hoja Coeficientes
2023,5.86,52,Hombre,11.8437545435845,PDF TABLA-DE-COEFICIENTE-ANO-2023 / Excel hoja Coeficientes
2023,5.86,52,Mujer,12.9356135691972,PDF TABLA-DE-COEFICIENTE-ANO-2023 / Excel hoja Coeficientes
2023,5.86,53,Hombre,11.6086944884214,PDF TABLA-DE-COEFICIENTE-ANO-2023 / Excel hoja Coeficientes
2023,5.86,53,Mujer,12.7138395425995,PDF TABLA-DE-COEFICIENTE-ANO-2023 / Excel hoja Coeficientes
2023,5.86,54,Hombre,11.3675359641191,PDF TABLA-DE-COEFICIENTE-ANO-2023 / Excel hoja Coeficientes
2023,5.86,54,Mujer,12.485257978671,PDF TABLA-DE-COEFICIENTE-ANO-2023 / Excel hoja Coeficientes
2023,5.86,55,Hombre,11.1205138753351,PDF TABLA-DE-COEFICIENTE-ANO-2023 / Excel hoja Coeficientes
2023,5.86,55,Mujer,12.2499419616682,PDF TABLA-DE-COEFICIENTE-ANO-2023 / Excel hoja Coeficientes
2023,5.86,56,Hombre,10.8678366977736,PDF TABLA-DE-COEFICIENTE-ANO-2023 / Excel hoja Coeficientes
2023,5.86,56,Mujer,12.0080402301949,PDF TABLA-DE-COEFICIENTE-ANO-2023 / Excel hoja Coeficientes
2023,5.86,57,Hombre,10.6097906766921,PDF TABLA-DE-COEFICIENTE-ANO-2023 / Excel hoja Coeficientes
2023,5.86,57,Mujer,11.7596986968733,PDF TABLA-DE-COEFICIENTE-ANO-2023 / Excel hoja Coeficientes
2023,5.86,58,Hombre,10.3467051398161,PDF TABLA-DE-COEFICIENTE-ANO-2023 / Excel hoja Coeficientes
2023,5.86,58,Mujer,11.50512730162,PDF TABLA-DE-COEFICIENTE-ANO-2023 / Excel hoja Coeficientes
2023,5.86,59,Hombre,10.0789326394324,PDF TABLA-DE-COEFICIENTE-ANO-2023 / Excel hoja Coeficientes
2023,5.86,59,Mujer,11.2445245691376,PDF TABLA-DE-COEFICIENTE-ANO-2023 / Excel hoja Coeficientes
2023,5.86,60,Hombre,9.8068443041986,PDF TABLA-DE-COEFICIENTE-ANO-2023 / Excel hoja Coeficientes
2023,5.86,60,Mujer,10.9781959547747,PDF TABLA-DE-COEFICIENTE-ANO-2023 / Excel hoja Coeficientes
2023,5.86,61,Hombre,9.5308836220188,PDF TABLA-DE-COEFICIENTE-ANO-2023 / Excel hoja Coeficientes
2023,5.86,61,Mujer,10.7064456227348,PDF TABLA-DE-COEFICIENTE-ANO-2023 / Excel hoja Coeficientes
2023,5.86,62,Hombre,9.2515281932782,PDF TABLA-DE-COEFICIENTE-ANO-2023 / Excel hoja Coeficientes
2023,5.86,62,Mujer,10.4296193845834,PDF TABLA-DE-COEFICIENTE-ANO-2023 / Excel hoja Coeficientes
2023,5.86,63,Hombre,8.9692664026746,PDF TABLA-DE-COEFICIENTE-ANO-2023 / Excel hoja Coeficientes
2023,5.86,63,Mujer,10.1481129097076,PDF TABLA-DE-COEFICIENTE-ANO-2023 / Excel hoja Coeficientes
2023,5.86,64,Hombre,8.6846312748695,PDF TABLA-DE-COEFICIENTE-ANO-2023 / Excel hoja Coeficientes
2023,5.86,64,Mujer,9.8623579124509,PDF TABLA-DE-COEFICIENTE-ANO-2023 / Excel hoja Coeficientes
2023,5.86,65,Hombre,8.3981994824007,PDF TABLA-DE-COEFICIENTE-ANO-2023 / Excel hoja Coeficientes
2023,5.86,65,Mujer,9.5728475482645,PDF TABLA-DE-COEFICIENTE-ANO-2023 / Excel hoja Coeficientes
2023,5.86,66,Hombre,8.1105671444302,PDF TABLA-DE-COEFICIENTE-ANO-2023 / Excel hoja Coeficientes
2023,5.86,66,Mujer,9.2800814230405,PDF TABLA-DE-COEFICIENTE-ANO-2023 / Excel hoja Coeficientes
2023,5.86,67,Hombre,7.8223551830322,PDF TABLA-DE-COEFICIENTE-ANO-2023 / Excel hoja Coeficientes
2023,5.86,67,Mujer,8.9846079853581,PDF TABLA-DE-COEFICIENTE-ANO-2023 / Excel hoja Coeficientes
2023,5.86,68,Hombre,7.53419157681,PDF TABLA-DE-COEFICIENTE-ANO-2023 / Excel hoja Coeficientes
2023,5.86,68,Mujer,8.6870257229241,PDF TABLA-DE-COEFICIENTE-ANO-2023 / Excel hoja Coeficientes
2023,5.86,69,Hombre,7.2467510539193,PDF TABLA-DE-COEFICIENTE-ANO-2023 / Excel hoja Coeficientes
2023,5.86,69,Mujer,8.3879540947163,PDF TABLA-DE-COEFICIENTE-ANO-2023 / Excel hoja Coeficientes
2023,5.86,70,Hombre,6.9606915229146,PDF TABLA-DE-COEFICIENTE-ANO-2023 / Excel hoja Coeficientes
2023,5.86,70,Mujer,8.0880430917998,PDF TABLA-DE-COEFICIENTE-ANO-2023 / Excel hoja Coeficientes
2023,5.86,71,Hombre,6.6766951357201,PDF TABLA-DE-COEFICIENTE-ANO-2023 / Excel hoja Coeficientes
2023,5.86,71,Mujer,7.7879535695087,PDF TABLA-DE-COEFICIENTE-ANO-2023 / Excel hoja Coeficientes
2023,5.86,72,Hombre,6.395415312974,PDF TABLA-DE-COEFICIENTE-ANO-2023 / Excel hoja Coeficientes
2023,5.86,72,Mujer,7.4884001401874,PDF TABLA-DE-COEFICIENTE-ANO-2023 / Excel hoja Coeficientes
2023,5.86,73,Hombre,6.1175569227269,PDF TABLA-DE-COEFICIENTE-ANO-2023 / Excel hoja Coeficientes
2023,5.86,73,Mujer,7.1900624912762,PDF TABLA-DE-COEFICIENTE-ANO-2023 / Excel hoja Coeficientes
2023,5.86,74,Hombre,5.8437419440747,PDF TABLA-DE-COEFICIENTE-ANO-2023 / Excel hoja Coeficientes
2023,5.86,74,Mujer,6.8936790001865,PDF TABLA-DE-COEFICIENTE-ANO-2023 / Excel hoja Coeficientes
2023,5.86,75,Hombre,5.5746194740044,PDF TABLA-DE-COEFICIENTE-ANO-2023 / Excel hoja Coeficientes
2023,5.86,75,Mujer,6.599966149697,PDF TABLA-DE-COEFICIENTE-ANO-2023 / Excel hoja Coeficientes
2023,5.86,76,Hombre,5.3108158917877,PDF TABLA-DE-COEFICIENTE-ANO-2023 / Excel hoja Coeficientes
2023,5.86,76,Mujer,6.3096328184732,PDF TABLA-DE-COEFICIENTE-ANO-2023 / Excel hoja Coeficientes
2023,5.86,77,Hombre,5.052923727939,PDF TABLA-DE-COEFICIENTE-ANO-2023 / Excel hoja Coeficientes
2023,5.86,77,Mujer,6.0233940542793,PDF TABLA-DE-COEFICIENTE-ANO-2023 / Excel hoja Coeficientes
2023,5.86,78,Hombre,4.8014650234179,PDF TABLA-DE-COEFICIENTE-ANO-2023 / Excel hoja Coeficientes
2023,5.86,78,Mujer,5.7419422284321,PDF TABLA-DE-COEFICIENTE-ANO-2023 / Excel hoja Coeficientes
2023,5.86,79,Hombre,4.5569845444157,PDF TABLA-DE-COEFICIENTE-ANO-2023 / Excel hoja Coeficientes
2023,5.86,79,Mujer,5.465933836135,PDF TABLA-DE-COEFICIENTE-ANO-2023 / Excel hoja Coeficientes
2023,5.86,80,Hombre,4.319913036883,PDF TABLA-DE-COEFICIENTE-ANO-2023 / Excel hoja Coeficientes
2023,5.86,80,Mujer,5.1960027547261,PDF TABLA-DE-COEFICIENTE-ANO-2023 / Excel hoja Coeficientes
2023,5.86,81,Hombre,4.0907083966712,PDF TABLA-DE-COEFICIENTE-ANO-2023 / Excel hoja Coeficientes
2023,5.86,81,Mujer,4.9327456211951,PDF TABLA-DE-COEFICIENTE-ANO-2023 / Excel hoja Coeficientes
2023,5.86,82,Hombre,3.8696900085245,PDF TABLA-DE-COEFICIENTE-ANO-2023 / Excel hoja Coeficientes
2023,5.86,82,Mujer,4.6767323563542,PDF TABLA-DE-COEFICIENTE-ANO-2023 / Excel hoja Coeficientes
2023,5.86,83,Hombre,3.6572080405508,PDF TABLA-DE-COEFICIENTE-ANO-2023 / Excel hoja Coeficientes
2023,5.86,83,Mujer,4.4284475503897,PDF TABLA-DE-COEFICIENTE-ANO-2023 / Excel hoja Coeficientes
2023,5.86,84,Hombre,3.4535088862691,PDF TABLA-DE-COEFICIENTE-ANO-2023 / Excel hoja Coeficientes
2023,5.86,84,Mujer,4.1883371246553,PDF TABLA-DE-COEFICIENTE-ANO-2023 / Excel hoja Coeficientes
2023,5.86,85,Hombre,3.2587830660344,PDF TABLA-DE-COEFICIENTE-ANO-2023 / Excel hoja Coeficientes
2023,5.86,85,Mujer,3.9568159672857,PDF TABLA-DE-COEFICIENTE-ANO-2023 / Excel hoja Coeficientes
2023,5.86,86,Hombre,3.073169771776,PDF TABLA-DE-COEFICIENTE-ANO-2023 / Excel hoja Coeficientes
2023,5.86,86,Mujer,3.7341548380168,PDF TABLA-DE-COEFICIENTE-ANO-2023 / Excel hoja Coeficientes
2023,5.86,87,Hombre,2.8967194235782,PDF TABLA-DE-COEFICIENTE-ANO-2023 / Excel hoja Coeficientes
2023,5.86,87,Mujer,3.5206118495116,PDF TABLA-DE-COEFICIENTE-ANO-2023 / Excel hoja Coeficientes
2023,5.86,88,Hombre,2.7295213051481,PDF TABLA-DE-COEFICIENTE-ANO-2023 / Excel hoja Coeficientes
2023,5.86,88,Mujer,3.3163568110441,PDF TABLA-DE-COEFICIENTE-ANO-2023 / Excel hoja Coeficientes
2023,5.86,89,Hombre,2.5714789738029,PDF TABLA-DE-COEFICIENTE-ANO-2023 / Excel hoja Coeficientes
2023,5.86,89,Mujer,3.1213861096696,PDF TABLA-DE-COEFICIENTE-ANO-2023 / Excel hoja Coeficientes
2023,5.86,90,Hombre,2.4224475425337,PDF TABLA-DE-COEFICIENTE-ANO-2023 / Excel hoja Coeficientes
2023,5.86,90,Mujer,2.9356192277487,PDF TABLA-DE-COEFICIENTE-ANO-2023 / Excel hoja Coeficientes
2023,5.86,91,Hombre,2.2824223319111,PDF TABLA-DE-COEFICIENTE-ANO-2023 / Excel hoja Coeficientes
2023,5.86,91,Mujer,2.7586997399569,PDF TABLA-DE-COEFICIENTE-ANO-2023 / Excel hoja Coeficientes
2023,5.86,92,Hombre,2.1509010612692,PDF TABLA-DE-COEFICIENTE-ANO-2023 / Excel hoja Coeficientes
2023,5.86,92,Mujer,2.5900638748226,PDF TABLA-DE-COEFICIENTE-ANO-2023 / Excel hoja Coeficientes
2023,5.86,93,Hombre,2.0271603778571,PDF TABLA-DE-COEFICIENTE-ANO-2023 / Excel hoja Coeficientes
2023,5.86,93,Mujer,2.4284099079062,PDF TABLA-DE-COEFICIENTE-ANO-2023 / Excel hoja Coeficientes
2023,5.86,94,Hombre,1.9103022557073,PDF TABLA-DE-COEFICIENTE-ANO-2023 / Excel hoja Coeficientes
2023,5.86,94,Mujer,2.2713642489849,PDF TABLA-DE-COEFICIENTE-ANO-2023 / Excel hoja Coeficientes
2023,5.86,95,Hombre,1.7984413809196,PDF TABLA-DE-COEFICIENTE-ANO-2023 / Excel hoja Coeficientes
2023,5.86,95,Mujer,2.1144301853491,PDF TABLA-DE-COEFICIENTE-ANO-2023 / Excel hoja Coeficientes
2023,5.86,96,Hombre,1.6849981850863,PDF TABLA-DE-COEFICIENTE-ANO-2023 / Excel hoja Coeficientes
2023,5.86,96,Mujer,1.9479540578153,PDF TABLA-DE-COEFICIENTE-ANO-2023 / Excel hoja Coeficientes
2023,5.86,97,Hombre,1.5585454504698,PDF TABLA-DE-COEFICIENTE-ANO-2023 / Excel hoja Coeficientes
2023,5.86,97,Mujer,1.7512644372792,PDF TABLA-DE-COEFICIENTE-ANO-2023 / Excel hoja Coeficientes
2023,5.86,98,Hombre,1.3732866902726,PDF TABLA-DE-COEFICIENTE-ANO-2023 / Excel hoja Coeficientes
2023,5.86,98,Mujer,1.4756213355711,PDF TABLA-DE-COEFICIENTE-ANO-2023 / Excel hoja Coeficientes
2023,5.86,99,Hombre,1.0,PDF TABLA-DE-COEFICIENTE-ANO-2023 / Excel hoja Coeficientes
2023,5.86,99,Mujer,1.0,PDF TABLA-DE-COEFICIENTE-ANO-2023 / Excel hoja Coeficientes
2024,7.15,39,Hombre,12.5972303797435,PDF TABLA-DE-COEFICIENTE-ANO-2024 / Excel hoja Coeficientes
2024,7.15,39,Mujer,13.264920924683,PDF TABLA-DE-COEFICIENTE-ANO-2024 / Excel hoja Coeficientes
2024,7.15,40,Hombre,12.4874181735346,PDF TABLA-DE-COEFICIENTE-ANO-2024 / Excel hoja Coeficientes
2024,7.15,40,Mujer,13.1693336587782,PDF TABLA-DE-COEFICIENTE-ANO-2024 / Excel hoja Coeficientes
2024,7.15,41,Hombre,12.3722004999232,PDF TABLA-DE-COEFICIENTE-ANO-2024 / Excel hoja Coeficientes
2024,7.15,41,Mujer,13.0687378187143,PDF TABLA-DE-COEFICIENTE-ANO-2024 / Excel hoja Coeficientes
2024,7.15,42,Hombre,12.2514538266928,PDF TABLA-DE-COEFICIENTE-ANO-2024 / Excel hoja Coeficientes
2024,7.15,42,Mujer,12.9629769803011,PDF TABLA-DE-COEFICIENTE-ANO-2024 / Excel hoja Coeficientes
2024,7.15,43,Hombre,12.1250249396606,PDF TABLA-DE-COEFICIENTE-ANO-2024 / Excel hoja Coeficientes
2024,7.15,43,Mujer,12.8518640272911,PDF TABLA-DE-COEFICIENTE-ANO-2024 / Excel hoja Coeficientes
2024,7.15,44,Hombre,11.9927861700096,PDF TABLA-DE-COEFICIENTE-ANO-2024 / Excel hoja Coeficientes
2024,7.15,44,Mujer,12.7352328695498,PDF TABLA-DE-COEFICIENTE-ANO-2024 / Excel hoja Coeficientes
2024,7.15,45,Hombre,11.8543055419228,PDF TABLA-DE-COEFICIENTE-ANO-2024 / Excel hoja Coeficientes
2024,7.15,45,Mujer,12.6129251954341,PDF TABLA-DE-COEFICIENTE-ANO-2024 / Excel hoja Coeficientes
2024,7.15,46,Hombre,11.7103424878694,PDF TABLA-DE-COEFICIENTE-ANO-2024 / Excel hoja Coeficientes
2024,7.15,46,Mujer,12.4847765922957,PDF TABLA-DE-COEFICIENTE-ANO-2024 / Excel hoja Coeficientes
2024,7.15,47,Hombre,11.5599643874661,PDF TABLA-DE-COEFICIENTE-ANO-2024 / Excel hoja Coeficientes
2024,7.15,47,Mujer,12.3506550104588,PDF TABLA-DE-COEFICIENTE-ANO-2024 / Excel hoja Coeficientes
2024,7.15,48,Hombre,11.4033811135245,PDF TABLA-DE-COEFICIENTE-ANO-2024 / Excel hoja Coeficientes
2024,7.15,48,Mujer,12.2104087092462,PDF TABLA-DE-COEFICIENTE-ANO-2024 / Excel hoja Coeficientes
2024,7.15,49,Hombre,11.2405251798249,PDF TABLA-DE-COEFICIENTE-ANO-2024 / Excel hoja Coeficientes
2024,7.15,49,Mujer,12.0639164458968,PDF TABLA-DE-COEFICIENTE-ANO-2024 / Excel hoja Coeficientes
2024,7.15,50,Hombre,11.0713695910558,PDF TABLA-DE-COEFICIENTE-ANO-2024 / Excel hoja Coeficientes
2024,7.15,50,Mujer,11.9110748790815,PDF TABLA-DE-COEFICIENTE-ANO-2024 / Excel hoja Coeficientes
2024,7.15,51,Hombre,10.8958884758235,PDF TABLA-DE-COEFICIENTE-ANO-2024 / Excel hoja Coeficientes
2024,7.15,51,Mujer,11.751798346063,PDF TABLA-DE-COEFICIENTE-ANO-2024 / Excel hoja Coeficientes
2024,7.15,52,Hombre,10.7141260432672,PDF TABLA-DE-COEFICIENTE-ANO-2024 / Excel hoja Coeficientes
2024,7.15,52,Mujer,11.5859932114952,PDF TABLA-DE-COEFICIENTE-ANO-2024 / Excel hoja Coeficientes
2024,7.15,53,Hombre,10.5261056172788,PDF TABLA-DE-COEFICIENTE-ANO-2024 / Excel hoja Coeficientes
2024,7.15,53,Mujer,11.4136321982495,PDF TABLA-DE-COEFICIENTE-ANO-2024 / Excel hoja Coeficientes
2024,7.15,54,Hombre,10.3318971005115,PDF TABLA-DE-COEFICIENTE-ANO-2024 / Excel hoja Coeficientes
2024,7.15,54,Mujer,11.2346816373152,PDF TABLA-DE-COEFICIENTE-ANO-2024 / Excel hoja Coeficientes
2024,7.15,55,Hombre,10.1316349347355,PDF TABLA-DE-COEFICIENTE-ANO-2024 / Excel hoja Coeficientes
2024,7.15,55,Mujer,11.0491253376429,PDF TABLA-DE-COEFICIENTE-ANO-2024 / Excel hoja Coeficientes
2024,7.15,56,Hombre,9.9254308041423,PDF TABLA-DE-COEFICIENTE-ANO-2024 / Excel hoja Coeficientes
2024,7.15,56,Mujer,10.8570140794899,PDF TABLA-DE-COEFICIENTE-ANO-2024 / Excel hoja Coeficientes
2024,7.15,57,Hombre,9.7134684754879,PDF TABLA-DE-COEFICIENTE-ANO-2024 / Excel hoja Coeficientes
2024,7.15,57,Mujer,10.6583959305614,PDF TABLA-DE-COEFICIENTE-ANO-2024 / Excel hoja Coeficientes
2024,7.15,58,Hombre,9.4959735207083,PDF TABLA-DE-COEFICIENTE-ANO-2024 / Excel hoja Coeficientes
2024,7.15,58,Mujer,10.4533768872792,PDF TABLA-DE-COEFICIENTE-ANO-2024 / Excel hoja Coeficientes
2024,7.15,59,Hombre,9.2731959391478,PDF TABLA-DE-COEFICIENTE-ANO-2024 / Excel hoja Coeficientes
2024,7.15,59,Mujer,10.2420534170999,PDF TABLA-DE-COEFICIENTE-ANO-2024 / Excel hoja Coeficientes
2024,7.15,60,Hombre,9.0454063653264,PDF TABLA-DE-COEFICIENTE-ANO-2024 / Excel hoja Coeficientes
2024,7.15,60,Mujer,10.0246202582782,PDF TABLA-DE-COEFICIENTE-ANO-2024 / Excel hoja Coeficientes
2024,7.15,61,Hombre,8.812946192095,PDF TABLA-DE-COEFICIENTE-ANO-2024 / Excel hoja Coeficientes
2024,7.15,61,Mujer,9.8012735273011,PDF TABLA-DE-COEFICIENTE-ANO-2024 / Excel hoja Coeficientes
2024,7.15,62,Hombre,8.576193640421,PDF TABLA-DE-COEFICIENTE-ANO-2024 / Excel hoja Coeficientes
2024,7.15,62,Mujer,9.5722501141481,PDF TABLA-DE-COEFICIENTE-ANO-2024 / Excel hoja Coeficientes
2024,7.15,63,Hombre,8.3355428355613,PDF TABLA-DE-COEFICIENTE-ANO-2024 / Excel hoja Coeficientes
2024,7.15,63,Mujer,9.3378361055082,PDF TABLA-DE-COEFICIENTE-ANO-2024 / Excel hoja Coeficientes
2024,7.15,64,Hombre,8.0914356100821,PDF TABLA-DE-COEFICIENTE-ANO-2024 / Excel hoja Coeficientes
2024,7.15,64,Mujer,9.0983551005419,PDF TABLA-DE-COEFICIENTE-ANO-2024 / Excel hoja Coeficientes
2024,7.15,65,Hombre,7.8443615425497,PDF TABLA-DE-COEFICIENTE-ANO-2024 / Excel hoja Coeficientes
2024,7.15,65,Mujer,8.8541924845399,PDF TABLA-DE-COEFICIENTE-ANO-2024 / Excel hoja Coeficientes
2024,7.15,66,Hombre,7.5948362539029,PDF TABLA-DE-COEFICIENTE-ANO-2024 / Excel hoja Coeficientes
2024,7.15,66,Mujer,8.6057457721502,PDF TABLA-DE-COEFICIENTE-ANO-2024 / Excel hoja Coeficientes
2024,7.15,67,Hombre,7.3434068853457,PDF TABLA-DE-COEFICIENTE-ANO-2024 / Excel hoja Coeficientes
2024,7.15,67,Mujer,8.3534642004167,PDF TABLA-DE-COEFICIENTE-ANO-2024 / Excel hoja Coeficientes
2024,7.15,68,Hombre,7.0906359514337,PDF TABLA-DE-COEFICIENTE-ANO-2024 / Excel hoja Coeficientes
2024,7.15,68,Mujer,8.0978509141816,PDF TABLA-DE-COEFICIENTE-ANO-2024 / Excel hoja Coeficientes
2024,7.15,69,Hombre,6.8371389534863,PDF TABLA-DE-COEFICIENTE-ANO-2024 / Excel hoja Coeficientes
2024,7.15,69,Mujer,7.8394369110719,PDF TABLA-DE-COEFICIENTE-ANO-2024 / Excel hoja Coeficientes
2024,7.15,70,Hombre,6.5835252621431,PDF TABLA-DE-COEFICIENTE-ANO-2024 / Excel hoja Coeficientes
2024,7.15,70,Mujer,7.5787904944026,PDF TABLA-DE-COEFICIENTE-ANO-2024 / Excel hoja Coeficientes
2024,7.15,71,Hombre,6.3304367023703,PDF TABLA-DE-COEFICIENTE-ANO-2024 / Excel hoja Coeficientes
2024,7.15,71,Mujer,7.3164994864264,PDF TABLA-DE-COEFICIENTE-ANO-2024 / Excel hoja Coeficientes
2024,7.15,72,Hombre,6.0784977109401,PDF TABLA-DE-COEFICIENTE-ANO-2024 / Excel hoja Coeficientes
2024,7.15,72,Mujer,7.053211884141,PDF TABLA-DE-COEFICIENTE-ANO-2024 / Excel hoja Coeficientes
2024,7.15,73,Hombre,5.8283910904211,PDF TABLA-DE-COEFICIENTE-ANO-2024 / Excel hoja Coeficientes
2024,7.15,73,Mujer,6.7895532961212,PDF TABLA-DE-COEFICIENTE-ANO-2024 / Excel hoja Coeficientes
2024,7.15,74,Hombre,5.5807307909914,PDF TABLA-DE-COEFICIENTE-ANO-2024 / Excel hoja Coeficientes
2024,7.15,74,Mujer,6.526214824062,PDF TABLA-DE-COEFICIENTE-ANO-2024 / Excel hoja Coeficientes
2024,7.15,75,Hombre,5.3361654286979,PDF TABLA-DE-COEFICIENTE-ANO-2024 / Excel hoja Coeficientes
2024,7.15,75,Mujer,6.2638778355275,PDF TABLA-DE-COEFICIENTE-ANO-2024 / Excel hoja Coeficientes
2024,7.15,76,Hombre,5.0953309809331,PDF TABLA-DE-COEFICIENTE-ANO-2024 / Excel hoja Coeficientes
2024,7.15,76,Mujer,6.0032270909119,PDF TABLA-DE-COEFICIENTE-ANO-2024 / Excel hoja Coeficientes
2024,7.15,77,Hombre,4.8588395743801,PDF TABLA-DE-COEFICIENTE-ANO-2024 / Excel hoja Coeficientes
2024,7.15,77,Mujer,5.744963689718,PDF TABLA-DE-COEFICIENTE-ANO-2024 / Excel hoja Coeficientes
2024,7.15,78,Hombre,4.6272434384332,PDF TABLA-DE-COEFICIENTE-ANO-2024 / Excel hoja Coeficientes
2024,7.15,78,Mujer,5.4897775959306,PDF TABLA-DE-COEFICIENTE-ANO-2024 / Excel hoja Coeficientes
2024,7.15,79,Hombre,4.4011234051461,PDF TABLA-DE-COEFICIENTE-ANO-2024 / Excel hoja Coeficientes
2024,7.15,79,Mujer,5.2383344827851,PDF TABLA-DE-COEFICIENTE-ANO-2024 / Excel hoja Coeficientes
2024,7.15,80,Hombre,4.1809570082711,PDF TABLA-DE-COEFICIENTE-ANO-2024 / Excel hoja Coeficientes
2024,7.15,80,Mujer,4.9912876750142,PDF TABLA-DE-COEFICIENTE-ANO-2024 / Excel hoja Coeficientes
2024,7.15,81,Hombre,3.9672530224295,PDF TABLA-DE-COEFICIENTE-ANO-2024 / Excel hoja Coeficientes
2024,7.15,81,Mujer,4.7492635646918,PDF TABLA-DE-COEFICIENTE-ANO-2024 / Excel hoja Coeficientes
2024,7.15,82,Hombre,3.7603910531678,PDF TABLA-DE-COEFICIENTE-ANO-2024 / Excel hoja Coeficientes
2024,7.15,82,Mujer,4.5128709792521,PDF TABLA-DE-COEFICIENTE-ANO-2024 / Excel hoja Coeficientes
2024,7.15,83,Hombre,3.5607835679492,PDF TABLA-DE-COEFICIENTE-ANO-2024 / Excel hoja Coeficientes
2024,7.15,83,Mujer,4.2826439873143,PDF TABLA-DE-COEFICIENTE-ANO-2024 / Excel hoja Coeficientes
2024,7.15,84,Hombre,3.368745326244,PDF TABLA-DE-COEFICIENTE-ANO-2024 / Excel hoja Coeficientes
2024,7.15,84,Mujer,4.0590854308225,PDF TABLA-DE-COEFICIENTE-ANO-2024 / Excel hoja Coeficientes
2024,7.15,85,Hombre,3.1845382653787,PDF TABLA-DE-COEFICIENTE-ANO-2024 / Excel hoja Coeficientes
2024,7.15,85,Mujer,3.8426736901815,PDF TABLA-DE-COEFICIENTE-ANO-2024 / Excel hoja Coeficientes
2024,7.15,86,Hombre,3.0083750048996,PDF TABLA-DE-COEFICIENTE-ANO-2024 / Excel hoja Coeficientes
2024,7.15,86,Mujer,3.6337523284407,PDF TABLA-DE-COEFICIENTE-ANO-2024 / Excel hoja Coeficientes
2024,7.15,87,Hombre,2.8403813802191,PDF TABLA-DE-COEFICIENTE-ANO-2024 / Excel hoja Coeficientes
2024,7.15,87,Mujer,3.4326558098352,PDF TABLA-DE-COEFICIENTE-ANO-2024 / Excel hoja Coeficientes
2024,7.15,88,Hombre,2.6807203629101,PDF TABLA-DE-COEFICIENTE-ANO-2024 / Excel hoja Coeficientes
2024,7.15,88,Mujer,3.239636093729,PDF TABLA-DE-COEFICIENTE-ANO-2024 / Excel hoja Coeficientes
2024,7.15,89,Hombre,2.5293725955227,PDF TABLA-DE-COEFICIENTE-ANO-2024 / Excel hoja Coeficientes
2024,7.15,89,Mujer,3.0547788722198,PDF TABLA-DE-COEFICIENTE-ANO-2024 / Excel hoja Coeficientes
2024,7.15,90,Hombre,2.3862689833195,PDF TABLA-DE-COEFICIENTE-ANO-2024 / Excel hoja Coeficientes
2024,7.15,90,Mujer,2.8780966897467,PDF TABLA-DE-COEFICIENTE-ANO-2024 / Excel hoja Coeficientes
2024,7.15,91,Hombre,2.2514771343558,PDF TABLA-DE-COEFICIENTE-ANO-2024 / Excel hoja Coeficientes
2024,7.15,91,Mujer,2.7093351991254,PDF TABLA-DE-COEFICIENTE-ANO-2024 / Excel hoja Coeficientes
2024,7.15,92,Hombre,2.1245774444095,PDF TABLA-DE-COEFICIENTE-ANO-2024 / Excel hoja Coeficientes
2024,7.15,92,Mujer,2.5480403246187,PDF TABLA-DE-COEFICIENTE-ANO-2024 / Excel hoja Coeficientes
2024,7.15,93,Hombre,2.0049325787696,PDF TABLA-DE-COEFICIENTE-ANO-2024 / Excel hoja Coeficientes
2024,7.15,93,Mujer,2.3930401235218,PDF TABLA-DE-COEFICIENTE-ANO-2024 / Excel hoja Coeficientes
2024,7.15,94,Hombre,1.8917382346858,PDF TABLA-DE-COEFICIENTE-ANO-2024 / Excel hoja Coeficientes
2024,7.15,94,Mujer,2.2421147878041,PDF TABLA-DE-COEFICIENTE-ANO-2024 / Excel hoja Coeficientes
2024,7.15,95,Hombre,1.7832340235225,PDF TABLA-DE-COEFICIENTE-ANO-2024 / Excel hoja Coeficientes
2024,7.15,95,Mujer,2.0909583071262,PDF TABLA-DE-COEFICIENTE-ANO-2024 / Excel hoja Coeficientes
2024,7.15,96,Hombre,1.6730473443557,PDF TABLA-DE-COEFICIENTE-ANO-2024 / Excel hoja Coeficientes
2024,7.15,96,Mujer,1.9301643162218,PDF TABLA-DE-COEFICIENTE-ANO-2024 / Excel hoja Coeficientes
2024,7.15,97,Hombre,1.5500151807166,PDF TABLA-DE-COEFICIENTE-ANO-2024 / Excel hoja Coeficientes
2024,7.15,97,Mujer,1.7393396573054,PDF TABLA-DE-COEFICIENTE-ANO-2024 / Excel hoja Coeficientes
2024,7.15,98,Hombre,1.3687926181265,PDF TABLA-DE-COEFICIENTE-ANO-2024 / Excel hoja Coeficientes
2024,7.15,98,Mujer,1.4698952364308,PDF TABLA-DE-COEFICIENTE-ANO-2024 / Excel hoja Coeficientes
2024,7.15,99,Hombre,1.0,PDF TABLA-DE-COEFICIENTE-ANO-2024 / Excel hoja Coeficientes
2024,7.15,99,Mujer,1.0,PDF TABLA-DE-COEFICIENTE-ANO-2024 / Excel hoja Coeficientes
2025,8.03,39,Hombre,11.6324392020743,PDF TABLA-DE-COEFICIENTE-ANO-2025 / Excel hoja Coeficientes
2025,8.03,39,Mujer,12.1857842784231,PDF TABLA-DE-COEFICIENTE-ANO-2025 / Excel hoja Coeficientes
2025,8.03,40,Hombre,11.5430407770993,PDF TABLA-DE-COEFICIENTE-ANO-2025 / Excel hoja Coeficientes
2025,8.03,40,Mujer,12.1097294113655,PDF TABLA-DE-COEFICIENTE-ANO-2025 / Excel hoja Coeficientes
2025,8.03,41,Hombre,11.4487838403817,PDF TABLA-DE-COEFICIENTE-ANO-2025 / Excel hoja Coeficientes
2025,8.03,41,Mujer,12.029270168374,PDF TABLA-DE-COEFICIENTE-ANO-2025 / Excel hoja Coeficientes
2025,8.03,42,Hombre,11.3495283835599,PDF TABLA-DE-COEFICIENTE-ANO-2025 / Excel hoja Coeficientes
2025,8.03,42,Mujer,11.9442428014452,PDF TABLA-DE-COEFICIENTE-ANO-2025 / Excel hoja Coeficientes
2025,8.03,43,Hombre,11.2451048490374,PDF TABLA-DE-COEFICIENTE-ANO-2025 / Excel hoja Coeficientes
2025,8.03,43,Mujer,11.8544531709208,PDF TABLA-DE-COEFICIENTE-ANO-2025 / Excel hoja Coeficientes
2025,8.03,44,Hombre,11.1353649556241,PDF TABLA-DE-COEFICIENTE-ANO-2025 / Excel hoja Coeficientes
2025,8.03,44,Mujer,11.7597240427775,PDF TABLA-DE-COEFICIENTE-ANO-2025 / Excel hoja Coeficientes
2025,8.03,45,Hombre,11.0198752728931,PDF TABLA-DE-COEFICIENTE-ANO-2025 / Excel hoja Coeficientes
2025,8.03,45,Mujer,11.6598829844569,PDF TABLA-DE-COEFICIENTE-ANO-2025 / Excel hoja Coeficientes
2025,8.03,46,Hombre,10.8993053756677,PDF TABLA-DE-COEFICIENTE-ANO-2025 / Excel hoja Coeficientes
2025,8.03,46,Mujer,11.5547495107912,PDF TABLA-DE-COEFICIENTE-ANO-2025 / Excel hoja Coeficientes
2025,8.03,47,Hombre,10.7727556731546,PDF TABLA-DE-COEFICIENTE-ANO-2025 / Excel hoja Coeficientes
2025,8.03,47,Mujer,11.4441705437971,PDF TABLA-DE-COEFICIENTE-ANO-2025 / Excel hoja Coeficientes
2025,8.03,48,Hombre,10.6403809677585,PDF TABLA-DE-COEFICIENTE-ANO-2025 / Excel hoja Coeficientes
2025,8.03,48,Mujer,11.3279724135835,PDF TABLA-DE-COEFICIENTE-ANO-2025 / Excel hoja Coeficientes
2025,8.03,49,Hombre,10.502078056176,PDF TABLA-DE-COEFICIENTE-ANO-2025 / Excel hoja Coeficientes
2025,8.03,49,Mujer,11.2060071285753,PDF TABLA-DE-COEFICIENTE-ANO-2025 / Excel hoja Coeficientes
2025,8.03,50,Hombre,10.3577795559317,PDF TABLA-DE-COEFICIENTE-ANO-2025 / Excel hoja Coeficientes
2025,8.03,50,Mujer,11.0781409316833,PDF TABLA-DE-COEFICIENTE-ANO-2025 / Excel hoja Coeficientes
2025,8.03,51,Hombre,10.2074174613432,PDF TABLA-DE-COEFICIENTE-ANO-2025 / Excel hoja Coeficientes
2025,8.03,51,Mujer,10.9442542191055,PDF TABLA-DE-COEFICIENTE-ANO-2025 / Excel hoja Coeficientes
2025,8.03,52,Hombre,10.0509877629579,PDF TABLA-DE-COEFICIENTE-ANO-2025 / Excel hoja Coeficientes
2025,8.03,52,Mujer,10.8042177501983,PDF TABLA-DE-COEFICIENTE-ANO-2025 / Excel hoja Coeficientes
2025,8.03,53,Hombre,9.8884658433351,PDF TABLA-DE-COEFICIENTE-ANO-2025 / Excel hoja Coeficientes
2025,8.03,53,Mujer,10.6579618527318,PDF TABLA-DE-COEFICIENTE-ANO-2025 / Excel hoja Coeficientes
2025,8.03,54,Hombre,9.7198696032755,PDF TABLA-DE-COEFICIENTE-ANO-2025 / Excel hoja Coeficientes
2025,8.03,54,Mujer,10.5054091669571,PDF TABLA-DE-COEFICIENTE-ANO-2025 / Excel hoja Coeficientes
2025,8.03,55,Hombre,9.5452769337822,PDF TABLA-DE-COEFICIENTE-ANO-2025 / Excel hoja Coeficientes
2025,8.03,55,Mujer,10.3464968342115,PDF TABLA-DE-COEFICIENTE-ANO-2025 / Excel hoja Coeficientes
2025,8.03,56,Hombre,9.3647441743641,PDF TABLA-DE-COEFICIENTE-ANO-2025 / Excel hoja Coeficientes
2025,8.03,56,Mujer,10.1812230524108,PDF TABLA-DE-COEFICIENTE-ANO-2025 / Excel hoja Coeficientes
2025,8.03,57,Hombre,9.1783953740112,PDF TABLA-DE-COEFICIENTE-ANO-2025 / Excel hoja Coeficientes
2025,8.03,57,Mujer,10.0095824569811,PDF TABLA-DE-COEFICIENTE-ANO-2025 / Excel hoja Coeficientes
2025,8.03,58,Hombre,8.9863945748733,PDF TABLA-DE-COEFICIENTE-ANO-2025 / Excel hoja Coeficientes
2025,8.03,58,Mujer,9.8316230574184,PDF TABLA-DE-COEFICIENTE-ANO-2025 / Excel hoja Coeficientes
2025,8.03,59,Hombre,8.7889298922626,PDF TABLA-DE-COEFICIENTE-ANO-2025 / Excel hoja Coeficientes
2025,8.03,59,Mujer,9.6473834249868,PDF TABLA-DE-COEFICIENTE-ANO-2025 / Excel hoja Coeficientes
2025,8.03,60,Hombre,8.5862102328064,PDF TABLA-DE-COEFICIENTE-ANO-2025 / Excel hoja Coeficientes
2025,8.03,60,Mujer,9.4569942016999,PDF TABLA-DE-COEFICIENTE-ANO-2025 / Excel hoja Coeficientes
2025,8.03,61,Hombre,8.3785132075554,PDF TABLA-DE-COEFICIENTE-ANO-2025 / Excel hoja Coeficientes
2025,8.03,61,Mujer,9.2605878622511,PDF TABLA-DE-COEFICIENTE-ANO-2025 / Excel hoja Coeficientes
2025,8.03,62,Hombre,8.1661537967923,PDF TABLA-DE-COEFICIENTE-ANO-2025 / Excel hoja Coeficientes
2025,8.03,62,Mujer,9.058335988085,PDF TABLA-DE-COEFICIENTE-ANO-2025 / Excel hoja Coeficientes
2025,8.03,63,Hombre,7.9494649134304,PDF TABLA-DE-COEFICIENTE-ANO-2025 / Excel hoja Coeficientes
2025,8.03,63,Mujer,8.8504577879457,PDF TABLA-DE-COEFICIENTE-ANO-2025 / Excel hoja Coeficientes
2025,8.03,64,Hombre,7.7288280004782,PDF TABLA-DE-COEFICIENTE-ANO-2025 / Excel hoja Coeficientes
2025,8.03,64,Mujer,8.6372096743411,PDF TABLA-DE-COEFICIENTE-ANO-2025 / Excel hoja Coeficientes
2025,8.03,65,Hombre,7.5046737354547,PDF TABLA-DE-COEFICIENTE-ANO-2025 / Excel hoja Coeficientes
2025,8.03,65,Mujer,8.4189088589515,PDF TABLA-DE-COEFICIENTE-ANO-2025 / Excel hoja Coeficientes
2025,8.03,66,Hombre,7.2774619137099,PDF TABLA-DE-COEFICIENTE-ANO-2025 / Excel hoja Coeficientes
2025,8.03,66,Mujer,8.1958869341664,PDF TABLA-DE-COEFICIENTE-ANO-2025 / Excel hoja Coeficientes
2025,8.03,67,Hombre,7.0476870807206,PDF TABLA-DE-COEFICIENTE-ANO-2025 / Excel hoja Coeficientes
2025,8.03,67,Mujer,7.9685278129349,PDF TABLA-DE-COEFICIENTE-ANO-2025 / Excel hoja Coeficientes
2025,8.03,68,Hombre,6.815863460877,PDF TABLA-DE-COEFICIENTE-ANO-2025 / Excel hoja Coeficientes
2025,8.03,68,Mujer,7.7372705498478,PDF TABLA-DE-COEFICIENTE-ANO-2025 / Excel hoja Coeficientes
2025,8.03,69,Hombre,6.5825613819945,PDF TABLA-DE-COEFICIENTE-ANO-2025 / Excel hoja Coeficientes
2025,8.03,69,Mujer,7.5025851836536,PDF TABLA-DE-COEFICIENTE-ANO-2025 / Excel hoja Coeficientes
2025,8.03,70,Hombre,6.3483510227604,PDF TABLA-DE-COEFICIENTE-ANO-2025 / Excel hoja Coeficientes
2025,8.03,70,Mujer,7.2649822066372,PDF TABLA-DE-COEFICIENTE-ANO-2025 / Excel hoja Coeficientes
2025,8.03,71,Hombre,6.113839582084,PDF TABLA-DE-COEFICIENTE-ANO-2025 / Excel hoja Coeficientes
2025,8.03,71,Mujer,7.0249960277626,PDF TABLA-DE-COEFICIENTE-ANO-2025 / Excel hoja Coeficientes
2025,8.03,72,Hombre,5.8796235155814,PDF TABLA-DE-COEFICIENTE-ANO-2025 / Excel hoja Coeficientes
2025,8.03,72,Mujer,6.7832243501914,PDF TABLA-DE-COEFICIENTE-ANO-2025 / Excel hoja Coeficientes
2025,8.03,73,Hombre,5.6463616472275,PDF TABLA-DE-COEFICIENTE-ANO-2025 / Excel hoja Coeficientes
2025,8.03,73,Mujer,6.5402495105339,PDF TABLA-DE-COEFICIENTE-ANO-2025 / Excel hoja Coeficientes
2025,8.03,74,Hombre,5.4146525520855,PDF TABLA-DE-COEFICIENTE-ANO-2025 / Excel hoja Coeficientes
2025,8.03,74,Mujer,6.296722935402,PDF TABLA-DE-COEFICIENTE-ANO-2025 / Excel hoja Coeficientes
2025,8.03,75,Hombre,5.1851341329667,PDF TABLA-DE-COEFICIENTE-ANO-2025 / Excel hoja Coeficientes
2025,8.03,75,Mujer,6.0532933749137,PDF TABLA-DE-COEFICIENTE-ANO-2025 / Excel hoja Coeficientes
2025,8.03,76,Hombre,4.9584380318363,PDF TABLA-DE-COEFICIENTE-ANO-2025 / Excel hoja Coeficientes
2025,8.03,76,Mujer,5.810619456981,PDF TABLA-DE-COEFICIENTE-ANO-2025 / Excel hoja Coeficientes
2025,8.03,77,Hombre,4.7351784969856,PDF TABLA-DE-COEFICIENTE-ANO-2025 / Excel hoja Coeficientes
2025,8.03,77,Mujer,5.56938225915,PDF TABLA-DE-COEFICIENTE-ANO-2025 / Excel hoja Coeficientes
2025,8.03,78,Hombre,4.5159168429522,PDF TABLA-DE-COEFICIENTE-ANO-2025 / Excel hoja Coeficientes
2025,8.03,78,Mujer,5.3302588415935,PDF TABLA-DE-COEFICIENTE-ANO-2025 / Excel hoja Coeficientes
2025,8.03,79,Hombre,4.3012470528473,PDF TABLA-DE-COEFICIENTE-ANO-2025 / Excel hoja Coeficientes
2025,8.03,79,Mujer,5.0939092726605,PDF TABLA-DE-COEFICIENTE-ANO-2025 / Excel hoja Coeficientes
2025,8.03,80,Hombre,4.0916670734994,PDF TABLA-DE-COEFICIENTE-ANO-2025 / Excel hoja Coeficientes
2025,8.03,80,Mujer,4.860987882748,PDF TABLA-DE-COEFICIENTE-ANO-2025 / Excel hoja Coeficientes
2025,8.03,81,Hombre,3.887709195503,PDF TABLA-DE-COEFICIENTE-ANO-2025 / Excel hoja Coeficientes
2025,8.03,81,Mujer,4.632128838295,PDF TABLA-DE-COEFICIENTE-ANO-2025 / Excel hoja Coeficientes
2025,8.03,82,Hombre,3.6897830933219,PDF TABLA-DE-COEFICIENTE-ANO-2025 / Excel hoja Coeficientes
2025,8.03,82,Mujer,4.4079548991501,PDF TABLA-DE-COEFICIENTE-ANO-2025 / Excel hoja Coeficientes
2025,8.03,83,Hombre,3.4983332384667,PDF TABLA-DE-COEFICIENTE-ANO-2025 / Excel hoja Coeficientes
2025,8.03,83,Mujer,4.1890212519053,PDF TABLA-DE-COEFICIENTE-ANO-2025 / Excel hoja Coeficientes
2025,8.03,84,Hombre,3.3137109473288,PDF TABLA-DE-COEFICIENTE-ANO-2025 / Excel hoja Coeficientes
2025,8.03,84,Mujer,3.9758571451323,PDF TABLA-DE-COEFICIENTE-ANO-2025 / Excel hoja Coeficientes
2025,8.03,85,Hombre,3.1362173545651,PDF TABLA-DE-COEFICIENTE-ANO-2025 / Excel hoja Coeficientes
2025,8.03,85,Mujer,3.7689721763957,PDF TABLA-DE-COEFICIENTE-ANO-2025 / Excel hoja Coeficientes
2025,8.03,86,Hombre,2.9661062577699,PDF TABLA-DE-COEFICIENTE-ANO-2025 / Excel hoja Coeficientes
2025,8.03,86,Mujer,3.5687477832229,PDF TABLA-DE-COEFICIENTE-ANO-2025 / Excel hoja Coeficientes
2025,8.03,87,Hombre,2.8035466414412,PDF TABLA-DE-COEFICIENTE-ANO-2025 / Excel hoja Coeficientes
2025,8.03,87,Mujer,3.3755593010376,PDF TABLA-DE-COEFICIENTE-ANO-2025 / Excel hoja Coeficientes
2025,8.03,88,Hombre,2.6487441562934,PDF TABLA-DE-COEFICIENTE-ANO-2025 / Excel hoja Coeficientes
2025,8.03,88,Mujer,3.1897040508935,PDF TABLA-DE-COEFICIENTE-ANO-2025 / Excel hoja Coeficientes
2025,8.03,89,Hombre,2.5017249926214,PDF TABLA-DE-COEFICIENTE-ANO-2025 / Excel hoja Coeficientes
2025,8.03,89,Mujer,3.0113185055403,PDF TABLA-DE-COEFICIENTE-ANO-2025 / Excel hoja Coeficientes
2025,8.03,90,Hombre,2.3624653744295,PDF TABLA-DE-COEFICIENTE-ANO-2025 / Excel hoja Coeficientes
2025,8.03,90,Mujer,2.8404692283628,PDF TABLA-DE-COEFICIENTE-ANO-2025 / Excel hoja Coeficientes
2025,8.03,91,Hombre,2.2310764868859,PDF TABLA-DE-COEFICIENTE-ANO-2025 / Excel hoja Coeficientes
2025,8.03,91,Mujer,2.6769626000482,PDF TABLA-DE-COEFICIENTE-ANO-2025 / Excel hoja Coeficientes
2025,8.03,92,Hombre,2.1071897004317,PDF TABLA-DE-COEFICIENTE-ANO-2025 / Excel hoja Coeficientes
2025,8.03,92,Mujer,2.5204111303537,PDF TABLA-DE-COEFICIENTE-ANO-2025 / Excel hoja Coeficientes
2025,8.03,93,Hombre,1.9902214027189,PDF TABLA-DE-COEFICIENTE-ANO-2025 / Excel hoja Coeficientes
2025,8.03,93,Mujer,2.3697236464612,PDF TABLA-DE-COEFICIENTE-ANO-2025 / Excel hoja Coeficientes
2025,8.03,94,Hombre,1.8794266281356,PDF TABLA-DE-COEFICIENTE-ANO-2025 / Excel hoja Coeficientes
2025,8.03,94,Mujer,2.2227781643818,PDF TABLA-DE-COEFICIENTE-ANO-2025 / Excel hoja Coeficientes
2025,8.03,95,Hombre,1.7731256651012,PDF TABLA-DE-COEFICIENTE-ANO-2025 / Excel hoja Coeficientes
2025,8.03,95,Mujer,2.0753926134194,PDF TABLA-DE-COEFICIENTE-ANO-2025 / Excel hoja Coeficientes
2025,8.03,96,Hombre,1.6650823894338,PDF TABLA-DE-COEFICIENTE-ANO-2025 / Excel hoja Coeficientes
2025,8.03,96,Mujer,1.918324744542,PDF TABLA-DE-COEFICIENTE-ANO-2025 / Excel hoja Coeficientes
2025,8.03,97,Hombre,1.5443108971087,PDF TABLA-DE-COEFICIENTE-ANO-2025 / Excel hoja Coeficientes
2025,8.03,97,Mujer,1.7313702945179,PDF TABLA-DE-COEFICIENTE-ANO-2025 / Excel hoja Coeficientes
2025,8.03,98,Hombre,1.3657743679755,PDF TABLA-DE-COEFICIENTE-ANO-2025 / Excel hoja Coeficientes
2025,8.03,98,Mujer,1.4660495483703,PDF TABLA-DE-COEFICIENTE-ANO-2025 / Excel hoja Coeficientes
2025,8.03,99,Hombre,1.0,PDF TABLA-DE-COEFICIENTE-ANO-2025 / Excel hoja Coeficientes
2025,8.03,99,Mujer,1.0,PDF TABLA-DE-COEFICIENTE-ANO-2025 / Excel hoja Coeficientes
2026,6.34,39,Hombre,13.6240511395293,"Ministerio del Trabajo, Tabla de coeficientes para el calculo global de Jubilacion Patronal 2026"
2026,6.34,39,Mujer,14.4247210929854,"Ministerio del Trabajo, Tabla de coeficientes para el calculo global de Jubilacion Patronal 2026"
2026,6.34,40,Hombre,13.4902996574351,"Ministerio del Trabajo, Tabla de coeficientes para el calculo global de Jubilacion Patronal 2026"
2026,6.34,40,Mujer,14.3056897074653,"Ministerio del Trabajo, Tabla de coeficientes para el calculo global de Jubilacion Patronal 2026"
2026,6.34,41,Hombre,13.3506329787339,"Ministerio del Trabajo, Tabla de coeficientes para el calculo global de Jubilacion Patronal 2026"
2026,6.34,41,Mujer,14.1810607848849,"Ministerio del Trabajo, Tabla de coeficientes para el calculo global de Jubilacion Patronal 2026"
2026,6.34,42,Hombre,13.2049516768611,"Ministerio del Trabajo, Tabla de coeficientes para el calculo global de Jubilacion Patronal 2026"
2026,6.34,42,Mujer,14.0506928590618,"Ministerio del Trabajo, Tabla de coeficientes para el calculo global de Jubilacion Patronal 2026"
2026,6.34,43,Hombre,13.0531263883323,"Ministerio del Trabajo, Tabla de coeficientes para el calculo global de Jubilacion Patronal 2026"
2026,6.34,43,Mujer,13.9144134749551,"Ministerio del Trabajo, Tabla de coeficientes para el calculo global de Jubilacion Patronal 2026"
2026,6.34,44,Hombre,12.8950576553416,"Ministerio del Trabajo, Tabla de coeficientes para el calculo global de Jubilacion Patronal 2026"
2026,6.34,44,Mujer,13.7720755934780,"Ministerio del Trabajo, Tabla de coeficientes para el calculo global de Jubilacion Patronal 2026"
2026,6.34,45,Hombre,12.7303214095166,"Ministerio del Trabajo, Tabla de coeficientes para el calculo global de Jubilacion Patronal 2026"
2026,6.34,45,Mujer,13.6235430659378,"Ministerio del Trabajo, Tabla de coeficientes para el calculo global de Jubilacion Patronal 2026"
2026,6.34,46,Hombre,12.5597775302821,"Ministerio del Trabajo, Tabla de coeficientes para el calculo global de Jubilacion Patronal 2026"
2026,6.34,46,Mujer,13.4686756167054,"Ministerio del Trabajo, Tabla de coeficientes para el calculo global de Jubilacion Patronal 2026"
2026,6.34,47,Hombre,12.3824645767693,"Ministerio del Trabajo, Tabla de coeficientes para el calculo global de Jubilacion Patronal 2026"
2026,6.34,47,Mujer,13.3073704350276,"Ministerio del Trabajo, Tabla de coeficientes para el calculo global de Jubilacion Patronal 2026"
2026,6.34,48,Hombre,12.1986556953135,"Ministerio del Trabajo, Tabla de coeficientes para el calculo global de Jubilacion Patronal 2026"
2026,6.34,48,Mujer,13.1395057721720,"Ministerio del Trabajo, Tabla de coeficientes para el calculo global de Jubilacion Patronal 2026"
2026,6.34,49,Hombre,12.0083259363075,"Ministerio del Trabajo, Tabla de coeficientes para el calculo global de Jubilacion Patronal 2026"
2026,6.34,49,Mujer,12.9649952139555,"Ministerio del Trabajo, Tabla de coeficientes para el calculo global de Jubilacion Patronal 2026"
2026,6.34,50,Hombre,11.8114952451513,"Ministerio del Trabajo, Tabla de coeficientes para el calculo global de Jubilacion Patronal 2026"
2026,6.34,50,Mujer,12.7837737951589,"Ministerio del Trabajo, Tabla de coeficientes para el calculo global de Jubilacion Patronal 2026"
2026,6.34,51,Hombre,11.6081859929370,"Ministerio del Trabajo, Tabla de coeficientes para el calculo global de Jubilacion Patronal 2026"
2026,6.34,51,Mujer,12.5957975613268,"Ministerio del Trabajo, Tabla de coeficientes para el calculo global de Jubilacion Patronal 2026"
2026,6.34,52,Hombre,11.3984963668201,"Ministerio del Trabajo, Tabla de coeficientes para el calculo global de Jubilacion Patronal 2026"
2026,6.34,52,Mujer,12.4010159114368,"Ministerio del Trabajo, Tabla de coeficientes para el calculo global de Jubilacion Patronal 2026"
2026,6.34,53,Hombre,11.1825027617808,"Ministerio del Trabajo, Tabla de coeficientes para el calculo global de Jubilacion Patronal 2026"
2026,6.34,53,Mujer,12.1994512146057,"Ministerio del Trabajo, Tabla de coeficientes para el calculo global de Jubilacion Patronal 2026"
2026,6.34,54,Hombre,10.9603316842964,"Ministerio del Trabajo, Tabla de coeficientes para el calculo global de Jubilacion Patronal 2026"
2026,6.34,54,Mujer,11.9911202536013,"Ministerio del Trabajo, Tabla de coeficientes para el calculo global de Jubilacion Patronal 2026"
2026,6.34,55,Hombre,10.7321781447951,"Ministerio del Trabajo, Tabla de coeficientes para el calculo global de Jubilacion Patronal 2026"
2026,6.34,55,Mujer,11.7760597966234,"Ministerio del Trabajo, Tabla de coeficientes para el calculo global de Jubilacion Patronal 2026"
2026,6.34,56,Hombre,10.4982124117763,"Ministerio del Trabajo, Tabla de coeficientes para el calculo global de Jubilacion Patronal 2026"
2026,6.34,56,Mujer,11.5543790625656,"Ministerio del Trabajo, Tabla de coeficientes para el calculo global de Jubilacion Patronal 2026"
2026,6.34,57,Hombre,10.2586805392681,"Ministerio del Trabajo, Tabla de coeficientes para el calculo global de Jubilacion Patronal 2026"
2026,6.34,57,Mujer,11.3261847295615,"Ministerio del Trabajo, Tabla de coeficientes para el calculo global de Jubilacion Patronal 2026"
2026,6.34,58,Hombre,10.0138714211764,"Ministerio del Trabajo, Tabla de coeficientes para el calculo global de Jubilacion Patronal 2026"
2026,6.34,58,Mujer,11.0916453508346,"Ministerio del Trabajo, Tabla de coeficientes para el calculo global de Jubilacion Patronal 2026"
2026,6.34,59,Hombre,9.7640979069911,"Ministerio del Trabajo, Tabla de coeficientes para el calculo global de Jubilacion Patronal 2026"
2026,6.34,59,Mujer,10.8509190664333,"Ministerio del Trabajo, Tabla de coeficientes para el calculo global de Jubilacion Patronal 2026"
2026,6.34,60,Hombre,9.5096924855521,"Ministerio del Trabajo, Tabla de coeficientes para el calculo global de Jubilacion Patronal 2026"
2026,6.34,60,Mujer,10.6042678132118,"Ministerio del Trabajo, Tabla de coeficientes para el calculo global de Jubilacion Patronal 2026"
2026,6.34,61,Hombre,9.2510596369364,"Ministerio del Trabajo, Tabla de coeficientes para el calculo global de Jubilacion Patronal 2026"
2026,6.34,61,Mujer,10.3519535638185,"Ministerio del Trabajo, Tabla de coeficientes para el calculo global de Jubilacion Patronal 2026"
2026,6.34,62,Hombre,8.9886392687691,"Ministerio del Trabajo, Tabla de coeficientes para el calculo global de Jubilacion Patronal 2026"
2026,6.34,62,Mujer,10.0942798748719,"Ministerio del Trabajo, Tabla de coeficientes para el calculo global de Jubilacion Patronal 2026"
2026,6.34,63,Hombre,8.7228843141189,"Ministerio del Trabajo, Tabla de coeficientes para el calculo global de Jubilacion Patronal 2026"
2026,6.34,63,Mujer,9.8316001841089,"Ministerio del Trabajo, Tabla de coeficientes para el calculo global de Jubilacion Patronal 2026"
2026,6.34,64,Hombre,8.4542937751956,"Ministerio del Trabajo, Tabla de coeficientes para el calculo global de Jubilacion Patronal 2026"
2026,6.34,64,Mujer,9.5643048299006,"Ministerio del Trabajo, Tabla de coeficientes para el calculo global de Jubilacion Patronal 2026"
2026,6.34,65,Hombre,8.1834121200189,"Ministerio del Trabajo, Tabla de coeficientes para el calculo global de Jubilacion Patronal 2026"
2026,6.34,65,Mujer,9.2928460058257,"Ministerio del Trabajo, Tabla de coeficientes para el calculo global de Jubilacion Patronal 2026"
2026,6.34,66,Hombre,7.9108060339537,"Ministerio del Trabajo, Tabla de coeficientes para el calculo global de Jubilacion Patronal 2026"
2026,6.34,66,Mujer,9.0176848426366,"Ministerio del Trabajo, Tabla de coeficientes para el calculo global de Jubilacion Patronal 2026"
2026,6.34,67,Hombre,7.6370698018019,"Ministerio del Trabajo, Tabla de coeficientes para el calculo global de Jubilacion Patronal 2026"
2026,6.34,67,Mujer,8.7393326961543,"Ministerio del Trabajo, Tabla de coeficientes para el calculo global de Jubilacion Patronal 2026"
2026,6.34,68,Hombre,7.3628081572463,"Ministerio del Trabajo, Tabla de coeficientes para el calculo global de Jubilacion Patronal 2026"
2026,6.34,68,Mujer,8.4583527168584,"Ministerio del Trabajo, Tabla de coeficientes para el calculo global de Jubilacion Patronal 2026"
2026,6.34,69,Hombre,7.0886751471427,"Ministerio del Trabajo, Tabla de coeficientes para el calculo global de Jubilacion Patronal 2026"
2026,6.34,69,Mujer,8.1753319354640,"Ministerio del Trabajo, Tabla de coeficientes para el calculo global de Jubilacion Patronal 2026"
2026,6.34,70,Hombre,6.8153122558908,"Ministerio del Trabajo, Tabla de coeficientes para el calculo global de Jubilacion Patronal 2026"
2026,6.34,70,Mujer,7.8908907594317,"Ministerio del Trabajo, Tabla de coeficientes para el calculo global de Jubilacion Patronal 2026"
2026,6.34,71,Hombre,6.5433884819821,"Ministerio del Trabajo, Tabla de coeficientes para el calculo global de Jubilacion Patronal 2026"
2026,6.34,71,Mujer,7.6056640094191,"Ministerio del Trabajo, Tabla de coeficientes para el calculo global de Jubilacion Patronal 2026"
2026,6.34,72,Hombre,6.2735485406205,"Ministerio del Trabajo, Tabla de coeficientes para el calculo global de Jubilacion Patronal 2026"
2026,6.34,72,Mujer,7.3203429202419,"Ministerio del Trabajo, Tabla de coeficientes para el calculo global de Jubilacion Patronal 2026"
2026,6.34,73,Hombre,6.0064913094755,"Ministerio del Trabajo, Tabla de coeficientes para el calculo global de Jubilacion Patronal 2026"
2026,6.34,73,Mujer,7.0355887951114,"Ministerio del Trabajo, Tabla de coeficientes para el calculo global de Jubilacion Patronal 2026"
2026,6.34,74,Hombre,5.7428381986366,"Ministerio del Trabajo, Tabla de coeficientes para el calculo global de Jubilacion Patronal 2026"
2026,6.34,74,Mujer,6.7521243742336,"Ministerio del Trabajo, Tabla de coeficientes para el calculo global de Jubilacion Patronal 2026"
2026,6.34,75,Hombre,5.4832406327311,"Ministerio del Trabajo, Tabla de coeficientes para el calculo global de Jubilacion Patronal 2026"
2026,6.34,75,Mujer,6.4706552862189,"Ministerio del Trabajo, Tabla de coeficientes para el calculo global de Jubilacion Patronal 2026"
2026,6.34,76,Hombre,5.2283311600428,"Ministerio del Trabajo, Tabla de coeficientes para el calculo global de Jubilacion Patronal 2026"
2026,6.34,76,Mujer,6.1918838541499,"Ministerio del Trabajo, Tabla de coeficientes para el calculo global de Jubilacion Patronal 2026"
2026,6.34,77,Hombre,4.9787122616067,"Ministerio del Trabajo, Tabla de coeficientes para el calculo global de Jubilacion Patronal 2026"
2026,6.34,77,Mujer,5.9165225172898,"Ministerio del Trabajo, Tabla de coeficientes para el calculo global de Jubilacion Patronal 2026"
2026,6.34,78,Hombre,4.7349199097944,"Ministerio del Trabajo, Tabla de coeficientes para el calculo global de Jubilacion Patronal 2026"
2026,6.34,78,Mujer,5.6452654790730,"Ministerio del Trabajo, Tabla de coeficientes para el calculo global de Jubilacion Patronal 2026"
2026,6.34,79,Hombre,4.4975149575758,"Ministerio del Trabajo, Tabla de coeficientes para el calculo global de Jubilacion Patronal 2026"
2026,6.34,79,Mujer,5.3787754901345,"Ministerio del Trabajo, Tabla de coeficientes para el calculo global de Jubilacion Patronal 2026"
2026,6.34,80,Hombre,4.2669482224023,"Ministerio del Trabajo, Tabla de coeficientes para el calculo global de Jubilacion Patronal 2026"
2026,6.34,80,Mujer,5.1176965700822,"Ministerio del Trabajo, Tabla de coeficientes para el calculo global de Jubilacion Patronal 2026"
2026,6.34,81,Hombre,4.0436991077307,"Ministerio del Trabajo, Tabla de coeficientes para el calculo global de Jubilacion Patronal 2026"
2026,6.34,81,Mujer,4.8626393705137,"Ministerio del Trabajo, Tabla de coeficientes para el calculo global de Jubilacion Patronal 2026"
2026,6.34,82,Hombre,3.8281119284053,"Ministerio del Trabajo, Tabla de coeficientes para el calculo global de Jubilacion Patronal 2026"
2026,6.34,82,Mujer,4.6141912300826,"Ministerio del Trabajo, Tabla de coeficientes para el calculo global de Jubilacion Patronal 2026"
2026,6.34,83,Hombre,3.6205624273113,"Ministerio del Trabajo, Tabla de coeficientes para el calculo global de Jubilacion Patronal 2026"
2026,6.34,83,Mujer,4.3728580772168,"Ministerio del Trabajo, Tabla de coeficientes para el calculo global de Jubilacion Patronal 2026"
2026,6.34,84,Hombre,3.4213247271837,"Ministerio del Trabajo, Tabla de coeficientes para el calculo global de Jubilacion Patronal 2026"
2026,6.34,84,Mujer,4.1391098752643,"Ministerio del Trabajo, Tabla de coeficientes para el calculo global de Jubilacion Patronal 2026"
2026,6.34,85,Hombre,3.2306180788624,"Ministerio del Trabajo, Tabla de coeficientes para el calculo global de Jubilacion Patronal 2026"
2026,6.34,85,Mujer,3.9133879100993,"Ministerio del Trabajo, Tabla de coeficientes para el calculo global de Jubilacion Patronal 2026"
2026,6.34,86,Hombre,3.0486110093210,"Ministerio del Trabajo, Tabla de coeficientes para el calculo global de Jubilacion Patronal 2026"
2026,6.34,86,Mujer,3.6959927219040,"Ministerio del Trabajo, Tabla de coeficientes para el calculo global de Jubilacion Patronal 2026"
2026,6.34,87,Hombre,2.8753838701223,"Ministerio del Trabajo, Tabla de coeficientes para el calculo global de Jubilacion Patronal 2026"
2026,6.34,87,Mujer,3.4872133825369,"Ministerio del Trabajo, Tabla de coeficientes para el calculo global de Jubilacion Patronal 2026"
2026,6.34,88,Hombre,2.7110550701158,"Ministerio del Trabajo, Tabla de coeficientes para el calculo global de Jubilacion Patronal 2026"
2026,6.34,88,Mujer,3.2872526884025,"Ministerio del Trabajo, Tabla de coeficientes para el calculo global de Jubilacion Patronal 2026"
2026,6.34,89,Hombre,2.5555584304230,"Ministerio del Trabajo, Tabla de coeficientes para el calculo global de Jubilacion Patronal 2026"
2026,6.34,89,Mujer,3.0961425481730,"Ministerio del Trabajo, Tabla de coeficientes para el calculo global de Jubilacion Patronal 2026"
2026,6.34,90,Hombre,2.4087786983048,"Ministerio del Trabajo, Tabla de coeficientes para el calculo global de Jubilacion Patronal 2026"
2026,6.34,90,Mujer,2.9138392064644,"Ministerio del Trabajo, Tabla de coeficientes para el calculo global de Jubilacion Patronal 2026"
2026,6.34,91,Hombre,2.2707393769132,"Ministerio del Trabajo, Tabla de coeficientes para el calculo global de Jubilacion Patronal 2026"
2026,6.34,91,Mujer,2.7400262273210,"Ministerio del Trabajo, Tabla de coeficientes para el calculo global de Jubilacion Patronal 2026"
2026,6.34,92,Hombre,2.1409701673895,"Ministerio del Trabajo, Tabla de coeficientes para el calculo global de Jubilacion Patronal 2026"
2026,6.34,92,Mujer,2.5741825142932,"Ministerio del Trabajo, Tabla de coeficientes para el calculo global de Jubilacion Patronal 2026"
2026,6.34,93,Hombre,2.0187808390621,"Ministerio del Trabajo, Tabla de coeficientes para el calculo global de Jubilacion Patronal 2026"
2026,6.34,93,Mujer,2.4150563897939,"Ministerio del Trabajo, Tabla de coeficientes para el calculo global de Jubilacion Patronal 2026"
2026,6.34,94,Hombre,1.9033092783633,"Ministerio del Trabajo, Tabla de coeficientes para el calculo global de Jubilacion Patronal 2026"
2026,6.34,94,Mujer,2.2603331004976,"Ministerio del Trabajo, Tabla de coeficientes para el calculo global de Jubilacion Patronal 2026"
2026,6.34,95,Hombre,1.7927176956777,"Ministerio del Trabajo, Tabla de coeficientes para el calculo global de Jubilacion Patronal 2026"
2026,6.34,95,Mujer,2.1055883256772,"Ministerio del Trabajo, Tabla de coeficientes para el calculo global de Jubilacion Patronal 2026"
2026,6.34,96,Hombre,1.6805046543105,"Ministerio del Trabajo, Tabla de coeficientes para el calculo global de Jubilacion Patronal 2026"
2026,6.34,96,Mujer,1.9412615539289,"Ministerio del Trabajo, Tabla de coeficientes para el calculo global de Jubilacion Patronal 2026"
2026,6.34,97,Hombre,1.5553420624124,"Ministerio del Trabajo, Tabla de coeficientes para el calculo global de Jubilacion Patronal 2026"
2026,6.34,97,Mujer,1.7467852866017,"Ministerio del Trabajo, Tabla de coeficientes para el calculo global de Jubilacion Patronal 2026"
2026,6.34,98,Hombre,1.3716017400062,"Ministerio del Trabajo, Tabla de coeficientes para el calculo global de Jubilacion Patronal 2026"
2026,6.34,98,Mujer,1.4734744647692,"Ministerio del Trabajo, Tabla de coeficientes para el calculo global de Jubilacion Patronal 2026"
2026,6.34,99,Hombre,1.0000000000000,"Ministerio del Trabajo, Tabla de coeficientes para el calculo global de Jubilacion Patronal 2026"
2026,6.34,99,Mujer,1.0000000000000,"Ministerio del Trabajo, Tabla de coeficientes para el calculo global de Jubilacion Patronal 2026"
